V1,V2,V3
2.072345,-3.241693,14.62733
2.072345,15.78481,-0.3742695
2.072345,7.319176,10.15795
2.072345,14.40678,19.4574
2.072345,2.557729,-6.23644
2.072345,32.02478,0.2870638
2.072345,4.892855,7.025387
2.072345,12.34217,6.205405
2.072345,-1.121366,12.37304
2.072345,-4.441536,-8.001964
2.072345,23.60572,9.879504
2.072345,15.29705,12.83222
2.072345,3.309312,10.71142
2.072345,-12.02527,10.09704
2.072345,-3.212345,17.89963
2.072345,22.81555,-6.720686
2.072345,8.122487,3.712734
2.072345,1.806819,-16.22395
2.072345,28.1326,8.71418
2.072345,1.0248,17.05254
2.072345,24.16946,-14.69171
2.072345,-3.334991,7.943416
2.072345,28.44378,14.00498
2.072345,-4.687122,-1.302871
2.072345,11.186,-0.7624772
2.072345,19.47716,21.54626
2.072345,8.073185,1.232726
2.072345,14.63704,1.602791
2.072345,1.220712,-6.679344
2.072345,40.42887,-6.89254
2.072345,6.944695,12.32427
2.072345,-2.445336,21.02468
2.072345,-6.651035,6.443124
2.072345,-9.091833,22.39199
2.072345,7.931438,18.06598
2.072345,12.54468,8.136961
2.072345,11.11789,13.14208
2.072345,8.60885,11.51451
2.072345,14.02176,-2.505605
2.072345,17.21672,3.29959
2.072345,6.370999,-4.795219
2.072345,12.11574,29.08478
2.072345,-1.355044,5.12492
2.072345,12.02797,17.06078
2.072345,13.35047,-0.340825
2.072345,6.188563,15.29532
2.072345,10.08179,6.39995
2.072345,-1.57887,14.52243
2.072345,1.60851,28.85673
2.072345,13.09896,10.77192
2.072345,-0.656524,7.428645
2.072345,15.5336,-6.637651
2.072345,5.330366,17.08812
2.072345,7.288787,15.07757
2.072345,14.00506,-22.15215
2.072345,21.51998,5.04531
2.072345,5.111947,-2.521792
2.072345,4.75756,32.85505
2.072345,-10.14263,6.070759
2.072345,16.93903,3.508814
2.072345,-10.82038,9.818843
2.072345,-6.173767,11.93353
2.072345,8.051481,2.850058
2.072345,-7.261601,5.20408
2.072345,2.105751,13.56349
2.072345,24.58487,2.631175
2.072345,24.91248,6.517994
2.072345,6.387915,15.80081
2.072345,-2.252421,14.07388
2.072345,-2.000873,-3.888388
2.072345,26.77209,18.69151
2.072345,13.39128,21.0912
2.072345,5.955898,2.459292
2.072345,9.323681,6.513192
2.072345,16.53999,24.3063
2.072345,10.64794,13.94559
2.072345,13.36857,-2.664707
2.072345,10.42427,8.106246
2.072345,11.07535,17.07317
2.072345,4.888493,6.049433
2.072345,13.02948,23.94025
2.072345,8.540999,-7.401308
2.072345,21.59555,2.926755
2.072345,18.16115,-2.774311
2.072345,31.96708,-3.094624
2.072345,5.482761,15.66338
2.072345,29.42421,22.3694
2.072345,7.162078,-0.984013
2.072345,3.943319,28.63485
2.072345,4.531656,21.88014
2.072345,-4.0644,-3.621506
2.072345,15.90887,12.52111
2.072345,-9.612116,-22.49599
2.072345,22.38563,17.33361
2.072345,8.673297,-6.884011
2.072345,36.03767,10.21154
2.072345,-7.586249,12.14809
2.072345,13.13713,-1.924867
2.072345,7.209715,21.60187
2.072345,27.15254,15.66342
2.072345,29.65612,15.0212
2.072345,15.43598,13.60186
2.072345,10.63428,4.554105
2.072345,26.80364,12.56063
2.072345,15.02652,-11.53464
2.072345,9.2481,24.58798
2.072345,13.90024,-8.381909
2.072345,3.350049,-6.114265
2.072345,7.96441,-5.19861
2.072345,32.51867,21.17985
2.072345,9.634491,6.734995
2.072345,15.7414,10.19698
2.072345,-4.003455,12.04076
2.072345,1.041802,25.86829
2.072345,-12.76934,-5.335044
2.072345,11.44522,9.824228
2.072345,6.811407,14.24967
2.072345,-4.329696,5.553391
2.072345,23.3561,9.224884
2.072345,10.51806,16.72743
2.072345,23.15663,13.19714
2.072345,24.65274,13.47672
2.072345,1.629857,6.28349
2.072345,9.0201,15.38618
2.072345,0.8832188,10.96815
2.072345,14.82966,14.3925
2.072345,22.0472,22.91966
2.072345,18.90424,12.9942
2.072345,21.40601,24.38812
2.072345,9.13962,-9.467832
2.072345,-8.29095,-5.988947
2.072345,-1.519889,-1.766619
2.072345,-5.018592,-2.997209
2.072345,14.46713,-2.980586
2.072345,11.6027,19.18525
2.072345,3.961434,18.62052
2.072345,-2.712702,4.541831
2.072345,15.40292,2.029832
2.072345,17.75002,18.08133
2.072345,1.031762,16.55184
2.072345,3.068958,20.81487
2.072345,8.943091,4.773241
2.072345,18.17922,17.54123
2.072345,13.33419,11.232
2.072345,13.97798,19.88413
2.072345,26.6599,-3.511829
2.072345,6.373983,19.83789
2.072345,15.15837,21.5811
2.072345,18.95937,12.77548
2.072345,24.09568,-3.640386
2.072345,19.69376,22.1939
2.072345,10.6667,24.52809
2.072345,-6.635304,-2.055682
2.072345,13.66272,22.10497
2.072345,22.3855,11.01341
2.072345,19.79414,19.34416
2.072345,11.32511,-3.011348
2.072345,-4.695499,4.864152
2.072345,14.14527,-12.93381
2.072345,10.09948,-3.225042
2.072345,6.207793,27.51631
2.072345,6.609228,15.95689
2.072345,12.33497,5.763955
2.072345,-3.160759,24.53113
2.072345,4.689186,12.13776
2.072345,26.61258,-6.742276
2.072345,7.315439,1.712732
2.072345,8.13356,4.114345
2.072345,28.65819,24.57423
2.072345,4.946298,12.09148
2.072345,10.41494,6.380095
2.072345,6.874306,15.4881
2.072345,2.590253,3.572731
2.072345,-12.72959,26.35669
2.072345,8.42026,14.78471
2.072345,15.16393,-1.279279
2.072345,15.62874,0.01129247
2.072345,3.3823,5.984768
2.072345,-4.13764,8.858572
2.072345,-1.554494,19.37649
2.072345,24.39491,9.10579
2.072345,25.56641,9.643453
2.072345,24.94262,-3.109174
2.072345,8.998712,10.541
2.072345,-9.891244,4.573325
2.072345,5.029294,22.98676
2.072345,20.23346,-10.77961
2.072345,15.103,5.63292
2.072345,29.14982,5.782557
2.072345,27.23093,27.1903
2.072345,25.7741,8.92082
2.072345,12.2222,-1.781047
2.072345,6.863773,-0.7274996
2.072345,4.455694,23.33998
2.072345,3.607867,16.00585
2.072345,9.325338,22.97108
2.072345,11.5225,8.993785
2.072345,14.62108,8.249774
2.072345,-7.381838,5.368688
2.072345,5.070321,25.45515
2.072345,6.278572,16.10149
2.072345,16.30571,25.9423
2.072345,34.12422,13.96851
2.072345,27.04643,1.059773
2.072345,4.105829,11.19896
2.072345,14.78257,10.01848
2.072345,23.04895,-5.964017
2.072345,17.41157,14.69272
2.072345,6.949079,5.162226
2.072345,5.700326,16.13654
2.072345,5.564074,-8.427487
2.072345,-5.024377,17.46026
2.072345,18.40279,4.839787
2.072345,8.526174,24.78075
2.072345,21.16974,3.28531
2.072345,-4.866076,1.317184
2.072345,-11.7331,5.000647
2.072345,14.64543,-2.902717
2.072345,24.86809,12.86082
2.072345,26.98124,6.369858
2.072345,10.67174,5.91316
2.072345,11.64083,-4.098757
2.072345,14.42246,-0.7625945
2.072345,26.66023,15.58506
2.072345,24.04782,5.403196
2.072345,16.27159,-1.124667
2.072345,3.804893,6.120589
2.072345,3.878999,6.07585
2.072345,0.1788024,-8.399909
2.072345,9.690716,36.17882
2.072345,16.94127,2.199297
2.072345,-1.158215,8.845364
2.072345,6.446662,-14.18104
2.072345,16.55414,34.64086
2.072345,-0.3445188,-0.7696695
2.072345,7.562616,-6.12447
2.072345,7.456533,-14.65142
2.072345,14.35081,11.58703
2.072345,22.61304,0.8204501
2.072345,-1.25827,28.5049
2.072345,0.6507304,-8.36784
2.072345,4.580993,32.45148
2.072345,-3.716423,6.733568
2.072345,13.79137,10.64451
2.072345,-1.245269,3.219324
2.072345,-1.86653,10.74578
2.072345,1.558553,4.207717
2.072345,29.19455,13.87413
2.072345,6.456733,-10.31962
2.072345,24.02293,11.65267
2.072345,22.47067,25.78439
2.072345,3.212588,12.48763
2.072345,14.24789,7.276056
2.072345,13.74531,9.188286
2.072345,13.04685,7.066136
2.072345,7.317133,2.462034
2.072345,6.001008,12.10048
2.072345,19.98631,-0.531199
2.072345,19.91034,10.19152
2.072345,8.336385,8.34839
2.072345,5.146764,-7.409304
2.072345,9.673976,15.99423
2.072345,21.83143,-6.608865
2.072345,9.176207,13.86558
2.072345,8.390862,24.64994
2.072345,-7.412824,20.51858
2.072345,4.131464,11.26143
2.072345,0.2647594,5.034868
2.072345,13.20062,1.19408
2.072345,6.171501,13.19178
2.072345,24.92638,9.728273
2.072345,19.74208,13.9332
2.072345,12.43815,18.43648
2.072345,8.661634,12.60749
2.072345,17.57755,6.429051
2.072345,3.299065,12.33216
2.072345,9.572447,17.02514
2.072345,1.115207,39.89024
2.072345,8.861407,20.98933
2.072345,21.9132,11.65338
2.072345,13.1765,15.09138
2.072345,16.96163,11.22707
2.072345,10.52575,10.76558
2.072345,7.890054,3.910868
2.072345,14.00086,9.769555
2.072345,14.16347,12.98944
2.072345,1.330881,15.62113
2.072345,16.9849,10.13399
2.072345,-0.2934258,1.27228
2.072345,-0.4469464,28.93972
2.072345,16.67383,-10.50514
2.072345,4.436821,0.2242924
2.072345,13.23823,23.20978
2.072345,-4.004811,17.61025
2.072345,13.52916,7.37956
2.072345,7.050802,10.10124
2.072345,23.45347,18.15361
2.072345,4.598641,21.83601
2.072345,7.634936,19.94091
2.072345,3.193633,-1.475135
2.072345,5.13032,-7.943031
2.072345,28.76733,11.30458
2.072345,8.01565,20.7643
2.072345,16.81531,12.46828
2.072345,11.48214,16.64017
2.072345,3.329562,-11.45466
2.072345,14.4484,7.891755
2.072345,15.56721,5.29503
2.072345,-15.57834,6.695052
2.072345,6.307686,5.536268
2.072345,14.12427,-1.786147
2.072345,2.728922,10.10925
2.072345,3.891689,12.36446
2.072345,11.10063,24.26076
2.072345,25.99213,-2.913374
2.072345,-1.980637,19.30486
2.072345,22.3755,-7.134083
2.072345,9.792318,6.658128
2.072345,14.28507,13.56779
2.072345,3.029997,9.165157
2.072345,12.00506,16.57652
2.072345,1.649871,13.04035
2.072345,14.80241,12.10189
2.072345,4.384648,3.820956
2.072345,12.05849,10.48589
2.072345,-4.733039,15.89318
2.072345,34.12808,4.465372
2.072345,22.28056,6.583345
2.072345,3.569117,-3.657566
2.072345,-3.318584,9.940546
2.072345,29.92259,28.13562
2.072345,13.71118,7.351463
2.072345,16.4933,25.14936
2.072345,15.06495,-6.347524
2.072345,13.33612,8.469816
2.072345,11.29307,15.9227
2.072345,9.581524,13.16243
2.072345,6.756246,6.61163
2.072345,8.299629,14.55212
2.072345,29.41931,5.984364
2.072345,4.152157,-2.990747
2.072345,15.62843,10.47763
2.072345,13.94365,15.70686
2.072345,20.98375,31.10299
2.072345,18.59333,-0.2682848
2.072345,9.915216,15.77137
2.072345,6.451302,-4.961974
2.072345,14.99367,10.78593
2.072345,7.361372,18.0671
2.072345,17.81785,7.007197
2.072345,24.10122,5.324583
2.072345,5.227864,25.69982
2.072345,31.79987,20.72
2.072345,10.26803,2.090151
2.072345,21.54721,14.57106
2.072345,2.063343,15.51143
2.072345,7.001412,25.34928
2.072345,21.13478,-2.523716
2.072345,12.78234,-0.2446706
2.072345,2.210584,-3.787227
2.072345,12.61919,4.146919
2.072345,2.942795,3.629787
2.072345,22.68294,27.08326
2.072345,26.13788,9.194675
2.072345,-3.984948,12.34312
2.072345,13.58907,7.808154
2.072345,2.753522,11.60988
2.072345,22.73404,5.989497
2.072345,24.21235,4.259952
2.072345,15.92228,16.38846
2.072345,15.30741,5.568457
2.072345,13.2484,22.8137
2.072345,1.21583,14.04878
2.072345,10.30137,3.027084
2.072345,4.627426,18.73794
2.072345,9.965354,28.05616
2.072345,11.85959,-0.3963638
2.072345,9.07695,-1.199626
2.072345,23.04672,0.7270734
2.072345,17.69336,27.09159
2.072345,4.007334,8.936564
2.072345,5.787269,18.23345
2.072345,15.77705,-0.429218
2.072345,14.04711,15.6607
2.072345,8.223101,14.23374
2.072345,-13.68943,5.829822
2.072345,9.511638,4.230915
2.072345,1.784843,12.19179
2.072345,-7.60383,5.103175
2.072345,0.3210041,7.08866
2.072345,5.579687,0.01341287
2.072345,-3.738329,16.07051
2.072345,2.407706,31.6029
2.072345,18.78467,-14.94727
2.072345,-4.31489,38.0434
2.072345,6.957638,24.30645
2.072345,9.16074,29.12768
2.072345,5.677225,2.734299
2.072345,-0.974309,5.490974
2.072345,19.64233,25.76946
2.072345,-1.577052,15.67774
2.072345,0.4062882,27.45951
2.072345,10.06134,6.71577
2.072345,26.45951,4.453012
2.072345,6.838326,21.77856
2.072345,-0.7243317,12.709
2.072345,14.39751,6.460027
2.072345,0.7581209,-8.207786
2.072345,-6.36948,9.914433
2.072345,0.4920085,14.48534
2.072345,25.84198,15.60438
2.072345,22.92962,-1.809368
2.072345,27.27981,16.42695
2.072345,-3.555808,6.084253
2.072345,22.41698,8.627294
2.072345,-21.36068,14.28665
2.072345,16.60375,-11.54532
2.072345,18.60818,5.575772
2.072345,20.29701,-2.537058
2.072345,23.2461,20.09051
2.072345,4.79718,-8.85235
2.072345,12.66741,4.209417
2.072345,4.750143,10.57944
2.072345,8.46408,1.86462
2.072345,0.1392916,10.84852
2.072345,3.268888,-0.7703359
2.072345,-1.824905,14.36989
2.072345,24.45211,1.489437
2.072345,12.06576,26.44959
2.072345,-0.1361344,-4.266789
2.072345,10.23303,8.976836
2.072345,13.89372,20.77485
2.072345,9.187742,27.63714
2.072345,16.88655,16.29336
2.072345,37.17632,16.87829
2.072345,7.900061,16.82551
2.072345,11.63952,5.165351
2.072345,1.860825,50.97437
2.072345,14.35407,-0.1216837
2.072345,7.363373,-8.032165
2.072345,12.78676,-0.7711908
2.072345,10.36981,7.822278
2.072345,23.19933,-2.542693
2.072345,15.43111,12.41543
2.072345,17.23649,10.44706
2.072345,2.396404,10.02766
2.072345,7.578044,15.52898
2.072345,6.06933,9.747575
2.072345,27.39351,19.98159
2.072345,13.30626,18.36432
2.072345,-2.702723,13.22721
2.072345,15.95237,-0.5568769
2.072345,14.47518,7.476011
2.072345,-4.123874,-2.541061
2.072345,11.55091,14.30498
2.072345,-8.226192,3.967357
2.072345,9.922543,0.2271643
2.072345,3.203174,11.57322
2.072345,20.66688,2.318771
2.072345,15.3486,1.748142
2.072345,18.26395,17.78253
2.072345,0.6434593,-4.290225
2.072345,22.67049,16.53104
2.072345,18.50818,7.546088
2.072345,15.36209,13.15203
2.072345,14.54187,0.5304746
2.072345,12.05587,21.35885
2.072345,-6.348775,-0.527498
2.072345,3.586799,12.94586
2.072345,35.52395,20.56008
2.072345,6.853875,0.369141
2.072345,29.25978,10.88581
2.072345,0.2041338,1.047853
2.072345,11.55061,17.28469
2.072345,24.48917,8.224514
2.072345,27.95659,18.79663
2.072345,3.37349,2.294629
2.072345,6.03616,13.16382
2.072345,5.660164,11.96874
2.072345,2.308901,18.1468
2.072345,11.26171,6.30985
2.072345,-8.611116,12.49809
2.072345,13.67507,6.254294
2.072345,3.520373,20.57987
2.072345,19.0635,-0.675866
2.072345,10.32231,-2.52902
2.072345,25.31104,2.531129
2.072345,17.96907,16.98884
2.072345,22.65403,2.599834
4.864152,-1.24612,6.326382
-12.93381,4.052313,13.8971
-3.225042,2.066012,-5.493487
27.51631,9.72616,21.96003
15.95689,0.2902336,7.303667
5.763955,18.51403,22.35765
24.53113,23.72683,2.104918
12.13776,-1.241701,26.18462
-6.742276,10.8888,20.80766
1.712732,14.68423,10.57028
4.114345,23.43694,-7.880563
24.57423,17.20925,6.534681
12.09148,-2.061826,6.421189
6.380095,19.50401,2.536329
15.4881,21.71908,17.02943
3.572731,-3.078149,-0.4862341
26.35669,20.47212,1.188364
14.78471,23.34586,-3.906957
-1.279279,0.9330042,5.441873
0.01129247,8.008012,18.66013
5.984768,1.961941,13.33514
8.858572,17.18472,24.12527
19.37649,2.122504,12.98691
9.10579,19.51155,13.35877
9.643453,6.241649,13.41857
-3.109174,18.91863,5.224356
10.541,-3.394954,10.34212
4.573325,11.78297,-0.3693704
22.98676,10.07359,12.91639
-10.77961,14.08271,0.9090181
5.63292,18.08959,-1.409272
5.782557,12.32168,-4.365977
27.1903,10.58244,10.25595
8.92082,30.34188,12.43669
-1.781047,10.98773,-1.170456
-0.7274996,-7.879213,-6.229601
23.33998,16.66643,9.663633
16.00585,1.374964,9.05127
22.97108,15.7172,0.8767106
8.993785,-9.014578,4.492934
8.249774,-2.679776,15.53079
5.368688,12.60516,0.789848
25.45515,22.22258,15.88278
16.10149,11.38547,15.65385
25.9423,5.396589,7.006049
13.96851,23.8073,18.06041
1.059773,2.482886,19.50145
11.19896,27.34923,14.34475
10.01848,12.379,6.584492
-5.964017,14.30957,0.721706
14.69272,13.94027,8.034842
5.162226,-3.949188,22.07318
16.13654,2.491281,8.20879
-8.427487,17.28569,-0.6540285
17.46026,23.52985,33.90343
4.839787,2.035094,15.55832
24.78075,8.787683,7.387878
3.28531,-2.704306,5.051225
1.317184,13.35289,5.229687
5.000647,13.50562,9.339954
-2.902717,2.24029,14.02917
12.86082,12.72926,3.084545
6.369858,11.56653,-9.022234
5.91316,24.22981,8.187902
-4.098757,-5.008349,4.389926
-0.7625945,18.5798,17.49107
15.58506,11.27319,25.94192
5.403196,11.22043,14.06103
-1.124667,31.28172,4.658055
6.120589,10.16824,19.84404
6.07585,31.16029,15.56143
-8.399909,8.830895,7.178256
36.17882,-22.1776,22.64227
2.199297,12.84548,-7.804288
8.845364,21.62596,-5.118906
-14.18104,1.871214,6.152764
34.64086,11.64993,8.551857
-0.7696695,8.42469,3.134369
-6.12447,23.05465,-1.164893
-14.65142,10.9695,48.1905
11.58703,14.49658,48.32863
0.8204501,10.62322,31.44145
28.5049,10.30336,37.60916
-8.36784,4.386019,52.68577
32.45148,7.488423,48.723
6.733568,18.12497,31.85518
10.64451,16.76856,55.55334
3.219324,19.57019,29.06337
10.74578,27.00378,50.45302
4.207717,2.851358,33.5429
13.87413,13.78015,45.11086
-10.31962,15.46054,43.73054
11.65267,1.74313,55.90229
25.78439,2.961885,35.51136
12.48763,18.15628,36.66438
7.276056,14.08258,39.22292
9.188286,18.24487,25.76358
7.066136,17.03944,42.31278
2.462034,7.644942,46.66542
12.10048,15.32802,57.76221
-0.531199,13.14534,53.64062
10.19152,5.414252,55.59307
8.34839,17.09359,34.6382
-7.409304,15.4642,68.81378
15.99423,13.51288,38.22668
-6.608865,-0.9393074,42.41835
13.86558,6.094001,44.42384
24.64994,6.494246,32.44594
20.51858,17.59508,43.85302
11.26143,2.013683,52.93561
5.034868,7.499159,46.05927
1.19408,23.50754,44.43309
13.19178,12.76363,53.3247
9.728273,11.80716,54.93488
13.9332,15.7472,44.00335
18.43648,12.18253,38.54234
12.60749,32.6225,26.89144
6.429051,1.972634,27.22742
12.33216,-14.73958,24.60301
17.02514,8.819268,45.18391
39.89024,23.99687,35.58807
20.98933,17.29635,28.12908
11.65338,-5.657587,39.83815
15.09138,25.02662,40.05444
11.22707,-8.075131,54.45572
10.76558,-4.988425,58.99003
3.910868,18.41193,47.31255
9.769555,15.26871,46.05767
12.98944,5.868339,51.1862
15.62113,6.474136,58.01157
10.13399,-2.499796,31.05124
1.27228,6.644602,32.63545
28.93972,2.331538,59.21907
-10.50514,20.75097,40.6654
0.2242924,22.1642,35.82676
23.20978,11.40963,49.35519
17.61025,1.974165,57.81302
7.37956,-5.537147,36.07083
10.10124,5.680655,33.88886
18.15361,9.892188,38.75301
21.83601,26.09115,44.30184
19.94091,14.92146,43.40867
-1.475135,8.28278,36.25078
-7.943031,-3.830219,35.66046
11.30458,8.819062,44.1886
20.7643,6.118451,42.35297
12.46828,7.275093,59.72761
16.64017,1.672324,41.7742
-11.45466,7.741682,39.48583
7.891755,-8.190833,46.18587
5.29503,24.11116,32.8916
6.695052,20.8704,31.03531
5.536268,15.65921,47.2611
-1.786147,18.38471,43.63065
10.10925,19.37812,43.20379
12.36446,25.65443,34.45682
24.26076,6.211672,36.08501
-2.913374,-0.5345634,55.93224
19.30486,14.99081,30.01013
-7.134083,-5.31856,40.17444
6.658128,-0.8207126,40.51248
13.56779,3.181591,44.84228
9.165157,12.44468,44.95826
16.57652,19.44045,49.34734
13.04035,25.82305,24.18327
12.10189,-7.604383,41.57294
3.820956,7.389069,36.97141
10.48589,11.97492,39.83944
15.89318,17.60414,39.42764
4.465372,18.83929,33.85577
6.583345,25.99912,32.44452
-3.657566,8.821053,35.12357
9.940546,-12.20743,36.99186
28.13562,-7.671818,44.04283
7.351463,3.724133,47.66477
25.14936,4.756451,46.3599
-6.347524,11.70047,71.56261
8.469816,1.854826,28.92869
15.9227,21.05449,47.19929
13.16243,22.88495,48.15507
6.61163,7.602462,48.4477
14.55212,-1.466516,35.18339
5.984364,2.761451,52.26128
-2.990747,18.67975,35.77592
10.47763,13.9604,43.37792
15.70686,3.711452,40.40879
31.10299,3.897385,46.39126
-0.2682848,14.07392,61.87996
15.77137,3.525233,18.99094
-4.961974,27.05419,35.54591
10.78593,2.022093,50.37548
18.0671,31.1079,54.54673
7.007197,16.15708,44.13707
5.324583,16.39802,45.55372
25.69982,3.056635,45.68042
20.72,23.58926,55.04569
2.090151,9.11213,37.81383
14.57106,-6.990855,33.56491
15.51143,-5.554229,19.2699
25.34928,25.96264,37.28481
-2.523716,6.682418,39.77556
-0.2446706,-0.7271909,35.46314
-3.787227,2.679385,40.41439
4.146919,13.84954,26.7135
3.629787,-4.12287,40.50345
27.08326,19.22561,29.83138
9.194675,18.3967,40.04233
12.34312,2.642345,40.95189
7.808154,4.437537,51.68887
11.60988,7.291999,24.69499
5.989497,8.107,62.78684
4.259952,9.585877,21.08624
16.38846,16.90853,22.0205
5.568457,7.260552,41.01136
22.8137,7.456842,41.47629
14.04878,15.9274,43.15526
3.027084,7.60309,29.06922
18.73794,0.02478778,33.97264
28.05616,31.56779,35.58473
-0.3963638,-3.104964,31.52146
-1.199626,12.69042,38.50949
0.7270734,2.26189,48.51959
27.09159,15.82479,51.80655
8.936564,4.499611,59.93333
18.23345,15.64262,37.52437
-0.429218,2.211029,41.38512
15.6607,19.98972,59.89985
14.23374,15.76271,46.32288
5.829822,10.34468,45.69158
4.230915,1.735521,36.79516
12.19179,15.03855,30.70871
5.103175,3.64185,51.97064
7.08866,6.2657,50.47091
0.01341287,14.39395,52.55752
16.07051,12.18371,38.0208
31.6029,8.55297,47.81833
-14.94727,16.5969,45.85127
38.0434,2.138592,51.34424
24.30645,7.067761,37.33317
29.12768,5.911166,45.61133
2.734299,9.551941,31.50764
5.490974,15.10988,28.51895
25.76946,3.324707,50.74807
15.67774,28.04655,39.53701
27.45951,4.004603,49.56372
6.71577,17.91905,57.41644
4.453012,4.265516,35.55559
21.77856,12.28597,42.96314
12.709,12.25582,41.98642
6.460027,2.503197,32.55532
-8.207786,27.72911,32.34528
9.914433,14.1201,24.44857
14.48534,4.178134,39.53357
15.60438,1.94312,28.80983
-1.809368,9.6628,39.83018
16.42695,-3.171427,39.42011
6.084253,10.33377,42.75812
8.627294,-2.30743,23.17606
14.28665,3.929615,25.55901
-11.54532,-20.01888,18.26403
5.575772,10.67374,30.70777
-2.537058,10.25853,49.43437
20.09051,9.33872,41.15351
-8.85235,13.48051,36.17541
4.209417,17.80107,44.08116
10.57944,13.80524,43.27453
1.86462,11.39824,49.39423
10.84852,18.48534,50.53357
-0.7703359,24.88074,42.95269
14.36989,10.3415,30.57404
1.489437,-4.19631,35.20991
26.44959,3.562471,39.5469
-4.266789,3.653826,40.54202
8.976836,18.40393,42.14727
20.77485,13.18247,39.30898
27.63714,19.13911,50.05859
16.29336,8.550992,43.67538
16.87829,14.83276,39.79353
16.82551,9.976617,43.44539
5.165351,6.9856,41.67813
50.97437,19.26007,48.594
-0.1216837,14.11777,38.46082
-8.032165,11.65195,53.26524
-0.7711908,9.478467,49.0517
7.822278,4.63563,39.31737
-2.542693,31.29946,41.24618
12.41543,10.05657,37.88715
10.44706,6.147121,41.14622
10.02766,15.33033,32.52164
15.52898,5.241399,41.10812
9.747575,11.99029,25.34895
19.98159,14.5416,41.9661
18.36432,-4.59378,40.65187
13.22721,7.873434,31.38396
-0.5568769,6.233604,59.78578
7.476011,16.64447,31.3399
-2.541061,16.41452,40.92554
14.30498,11.84888,29.67727
3.967357,20.72875,32.59683
0.2271643,29.08483,20.88727
11.57322,14.5351,37.8447
2.318771,19.85869,40.57783
1.748142,10.93859,59.67326
17.78253,4.558752,36.6854
-4.290225,4.425946,45.94
16.53104,4.671925,64.98144
7.546088,10.27894,36.98331
13.15203,8.540096,45.67468
0.5304746,18.33461,37.51643
21.35885,27.10033,51.32067
-0.527498,17.29681,46.13968
12.94586,12.23683,46.3057
20.56008,-0.5277433,58.78482
0.369141,-4.90859,24.40643
10.88581,-2.084885,42.22782
1.047853,14.6625,19.33637
17.28469,1.17794,39.09501
8.224514,18.21265,31.54544
18.79663,1.558912,46.81052
2.294629,11.46264,37.31417
13.16382,15.70806,35.31276
11.96874,22.31844,47.03397
18.1468,1.836594,43.20051
6.30985,10.4237,57.78369
12.49809,13.02343,51.95346
6.254294,28.35686,37.04092
20.57987,19.25847,33.26079
-0.675866,6.132365,45.94416
-2.52902,29.84877,35.73385
2.531129,31.62439,40.76379
16.98884,14.57923,35.14554
2.599834,20.39453,35.66175
6.326382,0.826507,28.88317
13.8971,7.50579,31.27264
-5.493487,19.43579,34.13748
21.96003,24.61082,47.33729
7.303667,2.841022,31.18816
22.35765,1.493998,37.92156
2.104918,5.705926,53.294
26.18462,-9.62667,61.38426
20.80766,10.34603,43.75808
10.57028,34.39865,38.92632
-7.880563,13.95659,30.63075
6.534681,16.05914,28.52392
6.421189,22.4082,34.3243
2.536329,2.955975,24.5469
17.02943,29.76824,36.00817
-0.4862341,12.23679,21.60583
1.188364,8.102704,44.03259
-3.906957,5.578883,33.99769
5.441873,5.874897,43.60366
18.66013,-4.470882,46.92525
13.33514,3.557717,50.50127
24.12527,18.52547,53.49198
12.98691,17.43439,42.67635
13.35877,9.173119,27.99422
13.41857,-0.07619125,39.43207
5.224356,22.71993,26.77366
10.34212,16.27103,42.40971
-0.3693704,11.25666,36.22691
12.91639,31.99353,38.46163
0.9090181,24.91849,43.78143
-1.409272,9.203924,32.78291
-4.365977,16.91661,34.33231
10.25595,22.35262,38.62762
12.43669,10.23768,40.80154
-1.170456,15.72802,34.4872
-6.229601,23.02026,37.28235
9.663633,25.29418,36.29004
9.05127,12.58227,27.32446
0.8767106,20.08131,43.01795
4.492934,16.61764,30.62136
15.53079,10.37215,51.54357
0.789848,22.08501,54.47479
15.88278,10.7026,46.6837
15.65385,1.855822,36.40191
7.006049,1.034778,32.79919
18.06041,-0.4099859,63.01717
19.50145,22.84672,30.48439
14.34475,-0.5536328,36.6763
6.584492,24.95815,18.94383
0.721706,16.4536,43.45898
8.034842,9.826132,37.48009
22.07318,10.31959,45.79938
8.20879,16.10261,39.69381
-0.6540285,7.41859,43.60521
33.90343,3.274898,49.18213
15.55832,13.55292,25.83677
7.387878,15.86786,30.90342
5.051225,16.53437,40.20493
5.229687,18.39176,46.98463
9.339954,9.981995,39.37106
14.02917,2.41937,40.281
3.084545,30.35293,40.44173
-9.022234,3.566726,37.66053
8.187902,10.07435,38.11046
4.389926,10.11696,48.2845
17.49107,9.631412,49.2973
25.94192,6.535813,22.48131
14.06103,2.905847,52.90003
4.658055,-5.764765,39.1711
19.84404,19.12729,46.23943
15.56143,9.62353,38.69597
7.178256,14.85566,40.79527
22.64227,4.81697,42.84691
-7.804288,-1.111585,65.71859
-5.118906,7.387376,32.24807
6.152764,14.22517,37.50528
8.551857,24.93599,46.19626
3.134369,-6.632367,46.93901
-1.164893,18.86306,30.82879
48.1905,56.00667,53.35965
48.32863,76.0944,48.15439
31.44145,62.66712,33.21166
37.60916,64.75492,29.92048
52.68577,71.53609,37.6465
48.723,83.29384,35.9354
31.85518,59.35438,47.70036
55.55334,57.31956,25.77065
29.06337,49.34992,41.92523
50.45302,78.01416,34.45473
33.5429,51.27797,30.77576
45.11086,46.34557,26.14364
43.73054,67.13846,47.21836
55.90229,44.41355,55.78841
35.51136,63.02239,43.2989
36.66438,60.00177,40.87212
39.22292,42.76795,49.88417
25.76358,72.0769,20.55912
42.31278,66.04035,25.06116
46.66542,58.45405,26.01595
57.76221,50.79996,37.25416
53.64062,53.19439,53.36999
55.59307,72.58209,38.84896
34.6382,62.93818,39.51915
68.81378,49.40914,37.02022
38.22668,55.08212,50.74908
42.41835,73.77797,35.7051
44.42384,52.0499,44.44394
32.44594,52.46474,54.81738
43.85302,49.00594,45.88216
52.93561,51.52707,39.53611
46.05927,70.18995,44.80203
44.43309,58.9645,29.91771
53.3247,66.99565,25.37846
54.93488,52.0303,41.21589
44.00335,60.1725,51.48426
38.54234,53.11563,59.85225
26.89144,60.17693,51.70456
27.22742,47.07473,47.91999
24.60301,58.44653,41.99199
45.18391,69.45772,53.38919
35.58807,73.17408,50.13654
28.12908,44.06283,43.55886
39.83815,48.70388,44.48821
40.05444,79.05227,27.92514
54.45572,49.34488,36.57076
58.99003,59.51809,35.29817
47.31255,47.80124,51.4997
46.05767,70.08161,49.04667
51.1862,60.57783,38.21852
58.01157,62.87727,35.58804
31.05124,61.88555,27.65341
32.63545,43.24568,41.22976
59.21907,75.16453,32.00885
40.6654,81.79757,46.49651
35.82676,67.83398,25.12809
49.35519,75.29319,31.50795
57.81302,55.61863,32.441
36.07083,51.26997,50.46987
33.88886,48.83694,53.02414
38.75301,68.91596,46.28482
44.30184,53.37654,21.90914
43.40867,62.64091,38.16132
36.25078,46.24887,32.70623
35.66046,40.16179,30.58785
44.1886,74.18132,42.87658
42.35297,68.86938,41.16918
59.72761,71.64868,40.4065
41.7742,74.69192,27.98043
39.48583,58.30032,39.86144
46.18587,49.02519,44.06916
32.8916,50.17133,41.27358
31.03531,72.2532,29.50536
47.2611,67.1427,42.72526
43.63065,63.04766,55.88999
43.20379,57.58694,43.43729
34.45682,54.82336,45.21592
36.08501,68.00059,21.46886
55.93224,63.07734,40.8175
30.01013,67.8034,34.89724
40.17444,50.23319,38.82377
40.51248,61.16069,39.81253
44.84228,59.17143,42.25532
44.95826,65.09772,44.36548
49.34734,52.56688,31.58178
24.18327,63.48712,35.25133
41.57294,48.41452,50.77632
36.97141,65.02328,46.64062
39.83944,49.22476,50.71756
39.42764,46.07249,49.07775
33.85577,58.8609,26.63234
32.44452,46.98045,48.79625
35.12357,78.56973,22.20029
36.99186,63.62753,44.41
44.04283,69.94757,63.88825
47.66477,59.80407,33.57092
46.3599,59.65952,44.85232
71.56261,53.91534,43.81482
28.92869,46.33052,32.16317
47.19929,41.39569,34.76834
48.15507,83.98581,27.02004
48.4477,54.65174,36.84926
35.18339,68.19836,36.16788
52.26128,50.64056,54.34972
35.77592,62.37214,47.11679
43.37792,60.65264,57.4229
40.40879,53.21294,52.18029
46.39126,64.80002,51.85909
61.87996,62.7935,49.03182
18.99094,54.79462,45.43005
35.54591,64.34436,33.16007
50.37548,68.05591,28.07412
54.54673,60.98913,37.39232
44.13707,53.40706,41.7159
45.55372,70.63025,32.7979
45.68042,41.9937,48.73786
55.04569,48.46728,55.61709
37.81383,42.24533,26.59618
33.56491,78.10993,42.08567
19.2699,67.18515,52.21176
37.28481,37.79198,36.55513
39.77556,44.83249,31.43811
35.46314,70.30631,40.87347
40.41439,65.25805,25.97094
26.7135,60.60958,35.18777
40.50345,57.22231,30.72323
29.83138,55.35326,41.99314
40.04233,60.38692,30.88503
40.95189,51.6069,55.63384
51.68887,52.47176,37.70752
24.69499,50.50501,27.17879
62.78684,55.41728,55.74353
21.08624,48.07032,25.66439
22.0205,45.01294,17.00957
41.01136,45.20848,43.95091
41.47629,49.69875,38.8072
43.15526,69.96187,40.30421
29.06922,31.39812,39.78672
33.97264,58.3128,63.90414
35.58473,46.37667,48.88094
31.52146,61.44991,58.40254
38.50949,54.9348,39.70721
48.51959,45.1665,47.59079
51.80655,48.92263,44.84636
59.93333,41.36604,21.27829
37.52437,65.41436,56.59843
41.38512,58.3734,37.48017
59.89985,45.3802,49.15954
46.32288,49.54236,37.66307
45.69158,60.92593,41.86126
36.79516,78.20391,51.73052
30.70871,70.33036,47.64847
51.97064,80.70323,35.17402
50.47091,64.8867,45.44158
52.55752,66.85835,63.14872
38.0208,75.94703,42.08557
47.81833,58.65439,46.01514
45.85127,67.85252,42.11817
51.34424,68.26302,26.51054
37.33317,67.98247,28.67938
45.61133,63.20619,29.98758
31.50764,65.71172,23.97532
28.51895,73.79701,54.47663
50.74807,53.57638,25.66849
39.53701,69.93832,36.40398
49.56372,68.6858,37.76594
57.41644,42.79595,44.49676
35.55559,58.52347,41.21254
42.96314,37.97548,14.46949
41.98642,55.80981,26.00632
32.55532,46.44257,47.84569
32.34528,60.57506,44.96501
24.44857,51.36618,52.12286
39.53357,64.53082,34.2726
28.80983,55.80426,36.36313
39.83018,55.04155,20.33037
39.42011,44.53216,58.24481
42.75812,66.42826,28.1422
23.17606,56.86704,40.83747
25.55901,68.7241,29.58027
18.26403,40.02327,41.68749
30.70777,63.31014,19.3453
49.43437,79.62605,39.10978
41.15351,60.28376,30.06011
36.17541,65.56798,30.11872
44.08116,51.84447,26.80173
43.27453,68.85571,41.4497
49.39423,60.62898,39.84126
50.53357,46.03307,59.78358
42.95269,71.277,45.44818
30.57404,76.27772,58.4162
35.20991,69.40798,36.46915
39.5469,58.25396,47.39338
40.54202,68.29326,55.97659
42.14727,63.224,25.90733
39.30898,55.78019,56.32167
50.05859,57.09342,59.47724
43.67538,63.21723,36.04946
39.79353,43.73809,34.61991
43.44539,50.19695,40.56393
41.67813,55.28962,23.05746
48.594,69.64589,49.64375
38.46082,61.08416,22.87106
53.26524,63.82018,41.12026
49.0517,66.49995,55.2759
39.31737,67.48604,45.41858
41.24618,49.47654,42.58969
37.88715,59.91647,59.78563
41.14622,63.44699,46.41741
32.52164,73.23534,13.42948
41.10812,44.68184,50.9471
25.34895,55.25141,46.0973
41.9661,60.38896,34.89751
40.65187,61.11229,26.31495
31.38396,66.525,30.89327
59.78578,38.49133,43.23482
31.3399,63.09048,44.94405
40.92554,60.43771,45.22232
29.67727,66.38073,7.826419
32.59683,33.86709,33.07619
20.88727,56.18753,52.04657
37.8447,51.01321,41.67568
40.57783,69.06488,55.84756
59.67326,74.55562,36.04547
36.6854,50.43604,36.28569
45.94,57.68176,45.72856
64.98144,79.71206,39.05539
36.98331,65.35463,20.2726
45.67468,55.15185,27.33974
37.51643,49.06353,46.13468
51.32067,56.63374,44.96999
46.13968,46.26812,46.39057
46.3057,50.07933,47.08233
58.78482,35.37284,36.53939
24.40643,58.87376,38.75325
42.22782,61.23968,42.64909
19.33637,69.78316,23.09582
39.09501,60.00454,42.44851
31.54544,56.18556,33.49563
46.81052,51.33483,47.07288
37.31417,60.64799,24.9612
35.31276,64.61462,45.48775
47.03397,66.32737,59.20356
43.20051,64.01385,44.00992
57.78369,73.30975,43.68642
51.95346,50.6932,41.87053
37.04092,60.51894,43.72969
33.26079,75.71045,38.52629
45.94416,71.49937,53.42536
35.73385,46.9001,39.33739
40.76379,67.68751,36.66598
35.14554,65.5663,41.96913
35.66175,56.80016,35.25198
28.88317,43.26803,33.56147
31.27264,66.3293,33.07125
34.13748,60.96088,48.44303
47.33729,68.169,40.75025
31.18816,78.43963,50.35784
37.92156,63.1141,44.57279
53.294,55.50262,24.52693
61.38426,59.91205,54.20255
43.75808,67.45812,41.30357
38.92632,43.12086,37.41374
30.63075,79.46695,26.86204
28.52392,59.14458,39.55137
34.3243,60.94347,47.00566
24.5469,64.80247,38.12361
36.00817,46.68387,37.52485
21.60583,46.62644,39.20578
44.03259,64.42778,52.36179
33.99769,56.55145,45.0324
43.60366,61.25346,40.86912
46.92525,54.08689,48.08253
50.50127,60.62361,54.8749
53.49198,41.07875,24.57269
42.67635,55.93246,35.00761
27.99422,53.68188,43.44146
39.43207,57.01566,43.16221
26.77366,63.055,34.24286
42.40971,49.95729,43.58324
36.22691,57.21221,36.35557
38.46163,67.33074,35.1833
43.78143,65.92309,44.51795
32.78291,73.01238,54.39144
34.33231,60.31763,45.86727
38.62762,57.39558,39.09084
40.80154,39.94366,27.79925
34.4872,50.56793,33.06475
37.28235,51.46425,23.54635
36.29004,72.62875,43.46392
27.32446,51.97536,35.42679
43.01795,72.62218,34.19314
30.62136,49.73988,10.8867
51.54357,37.5978,56.59104
54.47479,52.03507,47.3817
46.6837,76.38964,38.49504
36.40191,55.50854,52.51262
32.79919,57.24132,44.5458
63.01717,51.67786,44.03849
30.48439,39.33047,36.41589
36.6763,87.27119,50.31431
18.94383,59.33327,30.72297
43.45898,51.92991,29.87761
37.48009,68.55787,59.26816
45.79938,71.73394,35.04088
39.69381,58.77897,44.87322
43.60521,51.59496,29.24664
49.18213,66.20721,50.04572
25.83677,47.10274,47.97724
30.90342,53.13581,29.6133
40.20493,60.96742,30.89345
46.98463,52.61281,31.74421
39.37106,46.29081,36.60416
40.281,59.03583,47.78417
40.44173,47.78119,23.22726
37.66053,59.73406,51.37993
38.11046,44.89672,31.36008
48.2845,41.49009,46.77678
49.2973,63.16118,44.1524
22.48131,74.58899,41.43843
52.90003,58.66274,53.77942
39.1711,60.65303,33.7694
46.23943,65.03093,35.79716
38.69597,84.08148,30.53843
40.79527,49.7543,46.22857
42.84691,57.79911,39.67892
65.71859,53.45975,36.81919
32.24807,67.18962,34.27178
37.50528,72.15233,42.32842
46.19626,63.37228,46.33527
46.93901,50.99902,53.53398
30.82879,59.55766,40.61128
53.35965,52.76179,50.62107
48.15439,68.73672,36.47783
33.21166,38.87962,52.38983
29.92048,77.03939,30.01806
37.6465,56.99416,39.00967
35.9354,77.82079,22.71875
47.70036,64.47489,61.24
25.77065,62.45383,39.18396
41.92523,57.7624,44.69035
34.45473,60.32253,58.0471
30.77576,52.58115,51.25563
26.14364,66.58151,46.92124
47.21836,51.68076,46.25302
55.78841,57.97879,52.40546
43.2989,56.97968,40.28902
40.87212,27.31616,44.73831
49.88417,32.45283,43.15397
20.55912,57.01987,44.85846
25.06116,44.75805,42.86439
26.01595,55.76411,56.25276
37.25416,65.31094,51.62415
53.36999,53.56238,44.7667
38.84896,56.97574,48.91067
39.51915,61.65769,20.23477
37.02022,69.50709,18.98427
50.74908,56.24477,16.33768
35.7051,58.49562,49.40031
44.44394,67.48245,41.66533
54.81738,61.41306,59.2293
45.88216,63.42376,58.47326
39.53611,65.04189,62.36667
44.80203,50.21186,21.85536
29.91771,71.56391,40.38865
25.37846,64.61015,40.74187
41.21589,64.27742,58.00854
51.48426,68.011,45.35452
59.85225,60.61618,66.66133
51.70456,47.81819,33.77558
47.91999,46.15824,48.09134
41.99199,65.34492,40.08256
53.38919,71.59792,29.58933
50.13654,58.47133,43.58031
43.55886,50.07811,53.30803
44.48821,73.62916,28.87137
27.92514,67.88335,56.40753
36.57076,72.47042,29.47485
35.29817,65.07594,33.29645
51.4997,63.69956,38.72936
49.04667,65.28074,32.29439
38.21852,56.44799,32.41527
35.58804,44.72433,45.76281
27.65341,61.1188,33.8258
41.22976,53.65146,22.67527
32.00885,46.29029,13.19942
46.49651,55.93187,29.50579
25.12809,45.54561,45.70325
31.50795,35.04832,43.70217
32.441,70.15026,29.53128
50.46987,56.49627,34.58708
53.02414,48.18963,51.84493
46.28482,64.75075,46.43159
21.90914,60.49558,47.37223
38.16132,56.99729,28.52821
32.70623,53.86508,53.74314
30.58785,74.07853,29.91581
42.87658,64.60489,51.85804
41.16918,50.85736,24.65317
40.4065,56.96268,45.07661
27.98043,54.99941,34.09175
39.86144,65.40418,49.69564
44.06916,58.01787,43.0814
41.27358,47.03271,36.45465
29.50536,50.07637,45.95494
42.72526,52.06594,34.86304
55.88999,57.75395,31.35199
43.43729,45.53989,28.85687
45.21592,56.23551,38.01644
21.46886,50.97331,39.33137
40.8175,63.63504,45.43656
34.89724,64.74254,21.14175
38.82377,54.30612,52.64809
39.81253,61.8196,36.58138
42.25532,62.65005,36.92193
44.36548,49.87988,17.71107
31.58178,55.53971,43.15869
35.25133,53.15157,47.18889
50.77632,74.22147,43.73414
46.64062,37.81122,46.89299
50.71756,53.06595,42.87272
49.07775,59.12901,40.53452
26.63234,64.19727,48.3142
48.79625,38.62079,38.05576
22.20029,73.11573,22.1779
44.41,53.04649,56.94227
63.88825,48.97889,34.75308
33.57092,63.84941,33.97889
44.85232,62.17386,40.91016
43.81482,57.73569,33.7199
32.16317,58.71496,49.14691
34.76834,55.57443,48.61678
27.02004,60.16687,28.11857
36.84926,46.01221,20.4317
36.16788,68.04738,50.93737
54.34972,51.9426,22.29103
47.11679,77.18788,43.51035
57.4229,32.305,60.11132
52.18029,65.10573,61.21623
51.85909,67.51661,48.33622
49.03182,60.34069,33.39445
45.43005,59.77699,29.34521
33.16007,67.7972,54.38664
28.07412,60.4441,34.7127
37.39232,60.04588,40.33881
41.7159,54.8672,62.24166
32.7979,73.65913,40.15035
48.73786,49.54446,38.71685
55.61709,57.06916,39.12633
26.59618,54.89858,51.69781
42.08567,40.12172,25.68791
52.21176,52.75539,47.94294
36.55513,62.31943,67.88265
31.43811,50.33373,26.55077
40.87347,69.90448,46.29426
25.97094,68.05602,31.52882
35.18777,47.83521,57.78245
30.72323,53.49924,38.04019
41.99314,50.87471,37.7145
30.88503,59.03542,62.57692
55.63384,51.22741,28.86001
37.70752,54.48603,41.62214
27.17879,73.22714,23.74967
55.74353,35.89603,46.85755
25.66439,58.53562,37.5762
17.00957,68.39096,56.43054
43.95091,61.0425,23.42326
38.8072,53.42418,44.27762
40.30421,55.30517,40.88654
39.78672,57.06535,35.14983
63.90414,56.32496,24.17791
48.88094,67.82444,41.70554
58.40254,79.28048,36.33261
39.70721,64.78928,39.01491
47.59079,51.5511,44.81983
44.84636,52.34264,40.07327
21.27829,50.89752,30.90242
56.59843,65.83452,36.81031
37.48017,57.39704,43.03812
49.15954,46.12192,32.79469
37.66307,57.0688,37.48284
41.86126,63.41366,45.29159
51.73052,66.6951,35.24219
47.64847,58.08665,38.39624
35.17402,56.00186,34.79193
45.44158,84.85019,48.43391
63.14872,70.52519,59.01439
42.08557,54.22347,35.53231
46.01514,58.37922,40.90201
42.11817,66.59673,41.53148
26.51054,64.8716,35.52626
28.67938,67.39531,27.84255
29.98758,56.67641,43.60266
23.97532,53.69432,24.29746
54.47663,68.48247,30.38543
25.66849,56.62032,52.67648
36.40398,63.52458,36.9756
37.76594,48.95203,37.8756
44.49676,53.93384,48.75739
41.21254,67.43937,56.86054
14.46949,62.26729,57.58251
26.00632,58.30301,42.30235
47.84569,51.46759,56.72005
44.96501,81.81427,34.09218
52.12286,65.78259,47.25593
34.2726,65.021,23.48291
36.36313,63.94629,23.12866
20.33037,62.20769,51.5916
58.24481,54.45848,20.53896
28.1422,76.06569,51.81452
40.83747,60.21198,48.44256
29.58027,51.32616,62.44255
41.68749,56.74836,17.27593
19.3453,49.81644,53.77579
39.10978,59.98583,37.08417
30.06011,59.57409,47.97955
30.11872,48.14224,35.22937
26.80173,69.78267,26.42555
41.4497,56.78115,40.20962
39.84126,49.97964,58.95403
59.78358,61.26106,17.21381
45.44818,64.82023,32.95241
58.4162,58.58034,59.68467
36.46915,65.33484,30.58042
47.39338,54.89619,48.74949
55.97659,75.71833,50.65636
25.90733,51.43085,40.4251
56.32167,55.58431,45.28402
59.47724,54.72548,34.34718
36.04946,34.22141,38.59024
34.61991,75.20385,40.71961
40.56393,60.7759,40.37913
23.05746,43.83699,47.26266
49.64375,49.0249,34.55216
22.87106,59.36683,42.125
41.12026,55.79939,56.81907
55.2759,52.32505,53.69397
45.41858,69.30771,45.11847
42.58969,48.27374,27.42444
59.78563,54.97828,11.50407
46.41741,52.72119,49.0322
13.42948,57.03562,23.48502
50.9471,56.93176,50.98872
46.0973,47.2256,27.57767
34.89751,71.07395,47.66222
26.31495,49.99565,45.13893
30.89327,79.22578,45.78568
43.23482,46.73741,47.92223
44.94405,50.6335,48.03205
45.22232,80.58161,43.65009
7.826419,39.47855,28.54301
33.07619,72.86371,48.14451
52.04657,62.56454,30.73458
41.67568,60.35936,41.65806
55.84756,67.5848,47.42073
36.04547,49.41498,54.31567
36.28569,60.10168,37.98036
45.72856,50.07189,58.32997
39.05539,54.94165,43.19876
20.2726,48.62656,28.11309
27.33974,51.36997,37.01089
46.13468,55.69144,32.97436
44.96999,65.99128,34.20864
46.39057,67.48663,31.93696
47.08233,60.20998,30.94324
36.53939,60.50986,43.49319
38.75325,61.35403,27.81164
42.64909,57.29917,32.15255
23.09582,70.34206,51.29612
42.44851,44.21829,38.0315
33.49563,71.32774,29.27812
47.07288,55.7378,44.40411
24.9612,53.32379,23.34787
45.48775,65.85651,49.36656
59.20356,68.74465,17.60005
44.00992,50.52786,30.85341
43.68642,83.65863,44.90497
41.87053,51.92226,57.36587
43.72969,46.00091,49.0943
38.52629,76.75724,26.6611
53.42536,73.632,40.70467
39.33739,51.29871,28.55086
36.66598,51.51536,36.25912
41.96913,61.30644,48.98826
35.25198,60.78493,33.26312
33.56147,59.85432,32.02353
33.07125,49.41556,27.30424
48.44303,51.90851,51.44975
40.75025,68.0989,59.81329
50.35784,54.57351,51.14651
44.57279,78.77867,61.69583
24.52693,68.57829,36.56804
54.20255,63.61836,40.64832
41.30357,66.8662,45.86368
37.41374,71.92524,44.60644
26.86204,55.37459,35.88663
39.55137,43.2294,57.68279
47.00566,53.65933,51.6255
38.12361,57.12999,42.5861
37.52485,80.64694,46.0202
39.20578,62.21249,46.45453
52.36179,58.99351,38.30502
45.0324,47.69177,48.84556
40.86912,38.84561,30.15666
48.08253,68.39592,38.53791
54.8749,66.84655,23.9704
24.57269,71.18354,50.02861
35.00761,57.033,45.18616
43.44146,65.25961,43.502
43.16221,47.03518,44.7494
34.24286,62.92888,60.56076
43.58324,56.57035,51.11581
36.35557,67.91737,35.88928
35.1833,55.00228,32.33509
44.51795,68.3382,49.07877
54.39144,37.30894,50.33895
45.86727,87.3137,49.26652
39.09084,66.78102,18.55579
27.79925,58.74917,41.00905
33.06475,78.47807,28.00344
23.54635,55.19841,18.14624
43.46392,64.71713,53.95843
35.42679,54.08204,52.5372
34.19314,71.58672,38.93926
10.8867,68.44097,29.05058
56.59104,64.011,41.75223
47.3817,56.87357,37.64791
38.49504,60.46255,48.79252
52.51262,67.06044,51.77635
44.5458,57.88389,27.10765
44.03849,53.62613,38.6845
36.41589,56.97656,44.48639
50.31431,61.40527,23.60541
30.72297,53.84722,38.7037
29.87761,61.21636,43.00739
59.26816,69.29843,51.56791
35.04088,61.20282,25.26915
44.87322,43.20948,42.56982
29.24664,51.7367,38.08915
50.04572,53.45699,34.78496
47.97724,69.38969,35.88933
29.6133,70.91985,47.22242
30.89345,61.36776,51.96253
31.74421,58.71527,40.78976
36.60416,56.83749,41.27407
47.78417,53.40695,44.66972
23.22726,57.4777,39.15088
51.37993,65.01276,29.16955
31.36008,63.86529,31.77423
46.77678,65.41522,53.4651
44.1524,46.76581,40.41047
41.43843,54.11403,42.61213
53.77942,55.54833,39.57467
33.7694,79.58607,54.50277
35.79716,55.52056,57.91767
30.53843,72.95658,45.64944
46.22857,34.53551,21.88918
39.67892,62.87499,51.04494
36.81919,52.38703,42.09716
34.27178,48.92915,43.04227
42.32842,63.12152,47.14463
46.33527,63.28707,45.62461
53.53398,51.14082,55.20789
40.61128,50.21093,36.05181
50.62107,40.45209,43.73998
36.47783,78.33963,34.23256
52.38983,64.53774,20.95196
30.01806,75.31725,32.88314
39.00967,50.87296,38.36533
22.71875,67.99089,44.56165
61.24,65.89064,39.33794
39.18396,65.65822,49.1245
44.69035,57.93645,22.91567
58.0471,69.76289,45.63892
51.25563,61.33045,42.75653
46.92124,83.3785,46.39609
46.25302,66.06521,46.88703
52.40546,66.73065,54.88489
40.28902,53.28891,34.0548
44.73831,63.29274,37.38898
43.15397,65.65951,48.23034
44.85846,77.73084,54.79647
42.86439,67.90505,59.52773
56.25276,58.54541,50.2512
51.62415,67.15461,46.22677
44.7667,61.48524,48.98464
48.91067,66.60661,45.09392
20.23477,59.03073,44.77223
18.98427,70.79776,34.00083
16.33768,68.84142,28.31505
49.40031,47.88199,53.05011
41.66533,67.50779,25.10745
59.2293,74.68412,46.08558
58.47326,53.63286,50.62893
62.36667,50.95881,46.68802
21.85536,54.86045,43.07386
40.38865,61.31855,36.70228
40.74187,47.65873,11.47373
58.00854,42.82972,42.08087
45.35452,41.83214,37.96224
66.66133,50.6532,28.30779
33.77558,62.47507,59.18555
48.09134,64.89226,43.39802
40.08256,51.44899,37.68739
29.58933,58.19596,48.85135
43.58031,65.94927,42.29553
53.30803,36.98284,53.10208
28.87137,51.90188,44.18706
56.40753,62.59392,47.34497
29.47485,32.19725,34.5298
33.29645,67.43765,22.82447
38.72936,56.59565,48.27827
32.29439,53.9696,45.27673
32.41527,48.44307,44.17967
45.76281,64.38473,33.85752
33.8258,59.16824,29.57068
22.67527,54.22386,43.5061
13.19942,60.1388,26.33832
29.50579,55.28771,13.77208
45.70325,56.31371,37.39434
43.70217,61.486,25.09434
29.53128,66.01217,41.91991
34.58708,54.27694,54.31478
51.84493,61.97,42.18649
46.43159,55.3816,47.74056
47.37223,63.45379,38.6671
28.52821,68.99037,34.33136
53.74314,61.20763,45.49676
29.91581,63.06654,48.64805
51.85804,68.08115,59.7194
24.65317,60.97069,48.14389
45.07661,64.13075,55.16922
34.09175,59.97359,51.50727
49.69564,67.62843,42.69824
43.0814,55.20282,52.7367
36.45465,50.92306,44.49347
45.95494,50.09121,42.79715
34.86304,61.43269,50.60694
31.35199,65.54097,37.5125
28.85687,70.20236,46.73844
38.01644,45.00452,30.74257
39.33137,61.01991,52.50878
45.43656,53.36308,18.06539
21.14175,39.8683,36.22066
52.64809,71.72782,26.8746
36.58138,39.92153,46.44655
36.92193,64.58077,37.5481
17.71107,64.94933,26.17275
43.15869,54.23448,42.92903
47.18889,60.86159,36.25652
43.73414,62.9692,32.71939
46.89299,65.56661,45.61599
42.87272,43.29337,39.26789
40.53452,61.72891,34.55469
48.3142,54.04765,36.45908
38.05576,45.26198,41.83166
22.1779,68.1016,25.83818
56.94227,86.55324,27.9007
34.75308,55.7262,41.00502
33.97889,52.78297,34.09975
40.91016,65.19449,29.14662
33.7199,57.27735,41.39825
49.14691,64.16595,54.13261
48.61678,65.28603,36.2243
28.11857,45.33089,29.95055
20.4317,51.46033,46.80503
50.93737,74.1835,41.96831
22.29103,75.65685,12.71827
43.51035,58.55402,44.39297
60.11132,58.98568,24.46523
61.21623,69.80801,29.6177
48.33622,41.19602,21.74248
33.39445,65.82391,29.35508
29.34521,59.85588,27.22644
54.38664,80.36837,51.79697
34.7127,57.47011,44.62026
40.33881,57.22665,34.06684
62.24166,51.57828,43.62076
40.15035,56.58465,42.41596
38.71685,70.14773,49.61633
39.12633,60.63593,33.73294
51.69781,63.27919,55.72386
25.68791,40.27335,27.83457
47.94294,43.08792,49.89798
67.88265,60.98403,60.58085
26.55077,50.80384,56.16207
46.29426,47.39325,51.31114
31.52882,62.19854,40.39541
57.78245,63.38965,52.45226
38.04019,67.43048,45.69188
37.7145,51.81503,45.85658
62.57692,60.83238,55.69338
28.86001,51.2246,36.04146
41.62214,58.10787,28.33257
23.74967,67.99766,41.79587
46.85755,54.24618,38.54986
37.5762,62.86578,40.67175
56.43054,64.46652,38.67076
23.42326,62.49845,35.75459
44.27762,57.30138,47.64047
40.88654,73.0129,44.38814
35.14983,69.20756,55.07092
24.17791,55.47302,47.48012
41.70554,59.55818,40.05356
36.33261,42.50658,41.29422
39.01491,47.29492,36.53526
44.81983,67.23057,23.52244
40.07327,53.91739,42.98621
30.90242,79.43702,25.60867
36.81031,51.52639,31.30385
43.03812,57.54671,54.79936
32.79469,64.19816,33.32064
37.48284,63.44551,42.24906
45.29159,76.73057,29.504
35.24219,55.9317,31.42953
38.39624,63.38412,51.66205
34.79193,55.69379,38.16498
48.43391,46.13215,44.65573
59.01439,65.74738,68.77616
35.53231,63.11478,56.22534
40.90201,74.3216,84.62974
41.53148,42.03367,95.91765
35.52626,83.71515,66.93266
27.84255,60.091,68.5361
43.60266,62.19615,76.53591
24.29746,62.7834,76.23439
30.38543,52.90134,54.16949
52.67648,32.67734,72.58262
36.9756,68.24067,81.56219
37.8756,68.28506,67.99164
48.75739,53.39937,64.71255
56.86054,59.49221,70.76205
57.58251,67.85455,80.15953
42.30235,54.44661,64.54891
56.72005,71.69892,72.76769
34.09218,56.2818,79.9837
47.25593,56.96026,79.13871
23.48291,54.36535,44.28213
23.12866,65.25963,64.1403
51.5916,62.71912,59.16926
20.53896,47.69149,81.54203
51.81452,52.07644,74.12215
48.44256,51.18517,69.51984
62.44255,45.78976,80.76502
17.27593,60.46275,54.98248
53.77579,65.79631,63.85516
37.08417,63.94993,70.24579
47.97955,55.61669,64.31788
35.22937,74.55077,86.6356
26.42555,55.0765,84.94551
40.20962,64.5191,84.22009
58.95403,59.6799,64.29858
17.21381,69.54397,78.10973
32.95241,52.18707,75.86112
59.68467,40.53054,90.31363
30.58042,63.08007,62.72575
48.74949,70.51133,75.54213
50.65636,59.32031,65.45658
40.4251,50.73494,61.91086
45.28402,51.53691,59.13503
34.34718,47.58747,60.52482
38.59024,51.33721,80.68502
40.71961,74.12315,66.77925
40.37913,50.36806,66.15932
47.26266,70.09016,66.32986
34.55216,56.49265,63.90113
42.125,66.37105,82.86773
56.81907,44.97096,85.21556
53.69397,66.83374,67.60797
45.11847,74.85613,66.35771
27.42444,66.70893,65.34889
11.50407,56.95046,95.9356
49.0322,62.76543,55.30122
23.48502,75.85309,53.70588
50.98872,71.68141,58.04943
27.57767,62.33503,75.83075
47.66222,65.10868,61.31218
45.13893,67.17903,77.7234
45.78568,69.31007,85.97016
47.92223,65.00936,68.26376
48.03205,47.78571,77.10473
43.65009,56.48259,78.19132
28.54301,59.48517,65.10429
48.14451,60.26351,79.52807
30.73458,53.41976,75.18258
41.65806,72.97177,73.22818
47.42073,72.11551,67.87865
54.31567,51.07155,67.49999
37.98036,67.0989,68.73451
58.32997,63.25209,68.80344
43.19876,60.36072,70.23388
28.11309,72.51996,74.11479
37.01089,69.21339,52.94662
32.97436,69.77639,61.4234
34.20864,61.29887,75.64492
31.93696,62.87588,70.19157
30.94324,70.95922,57.02136
43.49319,59.84101,62.74637
27.81164,72.67459,65.85207
32.15255,42.51905,74.1682
51.29612,79.81878,69.75043
38.0315,54.71503,57.04818
29.27812,62.24455,78.25997
44.40411,68.84855,63.72304
23.34787,61.94084,64.25357
49.36656,64.14016,60.51129
17.60005,69.14876,64.83588
30.85341,54.0978,64.00904
44.90497,63.7959,84.36928
57.36587,58.50857,65.89382
49.0943,69.75703,66.97235
26.6611,68.32285,84.08383
40.70467,53.43072,68.23765
28.55086,56.30226,72.25073
36.25912,59.3196,55.23472
48.98826,66.10667,75.93697
33.26312,69.86829,68.67339
32.02353,58.18483,56.01145
27.30424,55.4792,77.52585
51.44975,71.13834,88.95077
59.81329,47.9164,61.68007
51.14651,60.196,94.70014
61.69583,47.11762,66.70215
36.56804,68.23382,77.82463
40.64832,66.75034,87.91064
45.86368,68.31128,61.9166
44.60644,60.16793,80.87708
35.88663,49.38532,80.89673
57.68279,60.16859,66.70298
51.6255,49.49683,63.19015
42.5861,62.54503,76.81372
46.0202,56.69676,65.06876
46.45453,58.70955,95.32207
38.30502,49.6469,57.72157
48.84556,65.31183,55.37355
30.15666,63.67134,69.38057
38.53791,56.76666,67.81506
23.9704,68.72659,76.97593
50.02861,63.9783,77.27475
45.18616,61.15616,83.35947
43.502,73.08999,61.09789
44.7494,43.9657,65.82687
60.56076,43.47697,74.95858
51.11581,80.65344,62.60687
35.88928,62.03462,51.71922
32.33509,52.6811,74.93252
49.07877,68.18728,79.38506
50.33895,64.57106,75.77722
49.26652,79.60231,58.46342
18.55579,68.16774,75.47081
41.00905,45.10266,44.91439
28.00344,61.47371,68.68961
18.14624,60.1302,61.03369
53.95843,68.46303,58.83893
52.5372,68.16769,82.02278
38.93926,62.98392,70.77446
29.05058,62.4427,79.77536
41.75223,64.63294,74.93503
37.64791,47.91551,72.12925
48.79252,64.57806,80.84457
51.77635,55.95868,57.63159
27.10765,58.84145,80.52416
38.6845,49.5615,63.2352
44.48639,56.53763,82.18422
23.60541,43.46694,97.35694
38.7037,61.0992,60.78475
43.00739,55.95437,70.74291
51.56791,63.63943,74.0169
25.26915,63.87523,66.91939
42.56982,67.66801,76.09503
38.08915,64.5408,81.78097
34.78496,45.51393,80.09553
35.88933,55.3666,73.32889
47.22242,66.03583,62.58947
51.96253,51.7511,67.35439
40.78976,59.28554,86.32658
41.27407,67.80852,71.04987
44.66972,69.17705,83.78762
39.15088,54.56051,74.85747
29.16955,64.9487,77.72216
31.77423,66.87607,68.97789
53.4651,62.77485,59.17707
40.41047,72.14114,50.49705
42.61213,59.06376,80.156
39.57467,62.27438,73.31786
54.50277,49.35228,59.61196
57.91767,56.73445,68.88152
45.64944,53.13589,88.66383
21.88918,49.30231,54.22847
51.04494,68.31933,71.32836
42.09716,72.15952,77.83042
43.04227,53.48632,72.29527
47.14463,56.0835,60.87722
45.62461,77.81975,90.33483
55.20789,58.71653,74.31378
36.05181,53.08629,73.68492
43.73998,58.94337,67.73081
34.23256,65.07769,70.87401
20.95196,74.2487,58.89813
32.88314,79.69149,61.02102
38.36533,59.0739,63.88495
44.56165,52.40328,60.26458
39.33794,70.14443,70.30639
49.1245,67.76719,73.19178
22.91567,56.11771,58.26951
45.63892,47.58675,73.826
42.75653,63.07043,76.70216
46.39609,68.40751,69.07478
46.88703,66.433,55.76127
54.88489,75.612,84.63778
34.0548,57.12219,74.96148
37.38898,62.3226,57.6636
48.23034,62.03111,64.04885
54.79647,59.39724,71.5033
59.52773,50.58208,82.15275
50.2512,67.96679,63.34114
46.22677,54.53655,73.77465
48.98464,58.14621,72.78902
45.09392,64.88113,60.628
44.77223,44.4438,70.46724
34.00083,59.08957,71.33598
28.31505,36.30374,78.18223
53.05011,67.34682,65.29634
25.10745,42.70245,79.06381
46.08558,61.97675,59.79717
50.62893,45.19788,77.98643
46.68802,47.42063,79.18679
43.07386,77.93637,61.1682
36.70228,53.66054,73.55363
11.47373,68.61527,71.21541
42.08087,66.43765,72.69725
37.96224,52.46353,66.1658
28.30779,70.53446,66.57901
59.18555,62.19979,77.53841
43.39802,63.35423,68.90079
37.68739,55.33306,75.15744
48.85135,64.6936,60.93241
42.29553,61.3545,70.77527
53.10208,61.65183,61.57277
44.18706,56.29505,74.40188
47.34497,61.47757,76.09887
34.5298,67.07189,63.0071
22.82447,57.02137,55.08188
48.27827,53.97093,62.74949
45.27673,52.04495,69.52172
44.17967,64.35678,72.21619
33.85752,60.59858,86.36201
29.57068,55.91483,57.06537
43.5061,62.07275,65.3979
26.33832,73.38955,62.21588
13.77208,64.03381,66.55029
37.39434,60.17785,63.71606
25.09434,55.0823,61.24889
41.91991,45.2935,67.01504
54.31478,53.6106,76.54024
42.18649,61.34159,51.77094
47.74056,60.98222,85.88293
38.6671,54.8464,61.10013
34.33136,63.66866,59.85202
45.49676,46.21109,75.82624
48.64805,50.69878,61.68382
59.7194,53.67238,57.11461
48.14389,64.17408,77.37225
55.16922,76.47846,56.9189
51.50727,65.82463,68.24066
42.69824,71.33099,70.99341
52.7367,66.52017,55.90017
44.49347,44.03264,65.72708
42.79715,51.57061,86.9104
50.60694,52.83994,60.30796
37.5125,68.15924,58.89599
46.73844,65.58825,64.42315
30.74257,54.61627,68.26449
52.50878,63.62914,60.80457
18.06539,67.96441,74.24806
36.22066,49.6668,68.40987
26.8746,69.52796,75.19914
46.44655,53.95027,53.99338
37.5481,59.69554,64.66423
26.17275,73.02736,78.41882
42.92903,70.03363,90.1256
36.25652,64.53602,78.52343
32.71939,57.83974,69.83008
45.61599,61.58367,76.66716
39.26789,57.98376,73.33869
34.55469,66.68845,54.61538
36.45908,70.13852,75.07177
41.83166,77.96375,72.55125
25.83818,63.53773,75.25325
27.9007,58.79853,63.05424
41.00502,68.62589,74.84572
34.09975,75.41777,81.29542
29.14662,51.12136,86.43307
41.39825,53.92034,58.70364
54.13261,51.89971,50.14929
36.2243,62.59828,63.98909
29.95055,56.40722,65.58124
46.80503,70.14497,78.43384
41.96831,67.27118,81.6864
12.71827,62.29628,71.32661
44.39297,59.58195,56.50423
24.46523,63.57868,66.49155
29.6177,59.74445,77.01996
21.74248,50.45285,83.91402
29.35508,70.05808,69.80927
27.22644,75.18532,59.75429
51.79697,61.69157,97.82028
44.62026,47.41006,91.93916
34.06684,52.82305,67.92403
43.62076,50.27394,61.81742
42.41596,68.93131,71.14845
49.61633,54.8229,66.59299
33.73294,67.42624,68.46967
55.72386,76.51932,75.83458
27.83457,62.72257,79.48316
49.89798,51.15889,63.92749
60.58085,69.45195,67.65975
56.16207,70.20759,67.92516
51.31114,74.59144,65.09831
40.39541,54.17054,70.69653
52.45226,55.42988,77.50496
45.69188,51.24299,88.75939
45.85658,65.63105,66.10896
55.69338,65.96501,48.80508
36.04146,62.1499,77.87479
28.33257,70.274,74.65789
41.79587,77.08113,82.11505
38.54986,81.29447,73.36298
40.67175,54.77458,71.40567
38.67076,67.80664,58.62062
35.75459,52.14807,65.29806
47.64047,62.95349,72.86081
44.38814,50.86422,71.3769
55.07092,45.49946,84.13732
47.48012,58.80583,70.62952
40.05356,72.84874,74.71705
41.29422,67.83528,69.74262
36.53526,78.04978,72.60228
23.52244,51.33826,62.13006
42.98621,55.51208,60.11729
25.60867,47.51016,76.74555
31.30385,71.48902,67.41577
54.79936,68.69215,73.11009
33.32064,69.45271,79.32548
42.24906,47.52644,104.3766
29.504,48.87712,66.86716
31.42953,52.80237,89.33103
51.66205,57.32732,35.74094
38.16498,53.45429,76.09913
44.65573,61.14825,69.3201
68.77616,-23.90883,64.45351
56.22534,-5.294665,81.06175
84.62974,-8.592495,58.83277
95.91765,-17.08491,59.77071
66.93266,-3.231932,69.73292
68.5361,-26.18595,66.791
76.53591,-3.304326,49.65516
76.23439,-11.4189,70.70066
54.16949,-19.01123,72.20053
72.58262,-16.83923,65.95326
81.56219,-1.694383,74.20015
67.99164,-17.64808,72.81212
64.71255,-14.86299,57.88044
70.76205,-13.4053,48.90072
80.15953,-1.895146,61.67483
64.54891,-1.18837,72.80554
72.76769,-1.913954,82.24438
79.9837,-20.64003,68.85194
79.13871,3.93355,70.258
44.28213,1.785785,51.29503
64.1403,-9.613207,71.87862
59.16926,13.10082,74.26682
81.54203,8.749848,73.88967
74.12215,-22.66961,72.43866
69.51984,-12.94162,68.84693
80.76502,-7.238871,67.4579
54.98248,-5.827399,63.23736
63.85516,-1.502977,67.04572
70.24579,-22.48083,61.14106
64.31788,-12.37871,59.06593
86.6356,-20.3488,63.0932
84.94551,-11.81974,64.19505
84.22009,0.2136558,69.14382
64.29858,-7.748638,68.2186
78.10973,-14.83134,80.78812
75.86112,-11.63541,62.15595
90.31363,-6.734307,76.2021
62.72575,-18.50824,67.71612
75.54213,-4.170342,66.87748
65.45658,-10.57994,81.16841
61.91086,-20.55287,77.52612
59.13503,-18.54382,73.13333
60.52482,4.002958,62.92608
80.68502,-10.62564,51.79126
66.77925,-6.613982,69.15686
66.15932,-12.41949,62.27294
66.32986,-0.9856625,62.86968
63.90113,-8.54786,59.75554
82.86773,-7.530378,55.93825
85.21556,-24.69871,63.37816
67.60797,6.669538,89.06512
66.35771,-24.43254,59.49207
65.34889,-16.15385,63.0717
95.9356,-13.87495,74.18266
55.30122,-3.164437,72.99597
53.70588,-22.06458,74.54878
58.04943,-2.860465,72.79072
75.83075,-11.85008,68.58779
61.31218,-19.0784,83.4991
77.7234,-2.877346,85.60566
85.97016,-17.81126,49.33336
68.26376,-19.15556,80.25808
77.10473,-19.01528,73.99424
78.19132,-8.509058,71.49039
65.10429,-3.43562,75.56422
79.52807,-27.63379,50.77177
75.18258,-6.52501,63.31959
73.22818,-3.601662,62.63376
67.87865,6.67004,72.48474
67.49999,-3.656658,55.5865
68.73451,-14.8505,51.66027
68.80344,0.2036219,53.65475
70.23388,-1.111902,89.75272
74.11479,-7.362882,60.46186
52.94662,-26.11158,80.376
61.4234,4.10658,61.82472
75.64492,-27.29068,73.42504
70.19157,-15.42674,72.77863
57.02136,-28.37956,67.30395
62.74637,-13.188,71.1454
65.85207,-20.20264,91.37652
74.1682,-9.089777,70.45771
69.75043,-0.3842613,65.35571
57.04818,-16.48449,86.14405
78.25997,-7.99833,40.98589
63.72304,-24.23505,85.28412
64.25357,-12.80524,84.69904
60.51129,-0.3604612,78.1619
64.83588,-2.828358,63.30449
64.00904,-28.74335,50.9626
84.36928,1.672451,78.5982
65.89382,-9.091981,71.42413
66.97235,-19.93247,73.3584
84.08383,6.852012,63.5102
68.23765,2.762476,64.3641
72.25073,-17.15958,79.91314
55.23472,3.789266,70.61451
75.93697,-4.40856,77.37191
68.67339,-4.801611,62.43318
56.01145,-17.8486,66.53034
77.52585,-15.70033,53.39924
88.95077,-19.44843,82.79707
61.68007,8.509057,65.8034
94.70014,-6.385033,87.72446
66.70215,-29.73264,68.37877
77.82463,-10.06171,76.46407
87.91064,-30.96477,67.35838
61.9166,-8.82706,89.75777
80.87708,-0.7162395,71.4421
80.89673,-23.38986,74.56606
66.70298,4.803512,68.46404
63.19015,-20.61243,78.44227
76.81372,-26.90243,73.10613
65.06876,4.386009,62.34706
95.32207,-16.98335,51.82533
57.72157,-15.60494,70.39661
55.37355,0.1582913,76.49829
69.38057,-12.99076,61.48431
67.81506,-4.811255,61.80352
76.97593,-8.36036,76.0211
77.27475,4.903346,60.64451
83.35947,-22.26367,71.70814
61.09789,-14.29766,76.83708
65.82687,-19.21419,78.40622
74.95858,-4.134062,68.72024
62.60687,13.20539,50.06301
51.71922,-0.1788583,87.69692
74.93252,-0.5864232,86.99997
79.38506,-19.2217,68.19161
75.77722,-26.50406,68.08471
58.46342,-15.13272,64.0625
75.47081,-22.60266,74.93968
44.91439,-5.197128,74.13194
68.68961,12.47448,67.39908
61.03369,0.7950336,73.78174
58.83893,-2.276435,55.11437
82.02278,-8.854354,82.80132
70.77446,-12.75299,61.3069
79.77536,-28.66915,66.26919
74.93503,-3.32777,59.19792
72.12925,-12.27785,62.44526
80.84457,-2.636685,49.19779
57.63159,-1.221671,72.94774
80.52416,6.845383,59.87773
63.2352,-24.72682,73.47509
82.18422,-29.51219,85.36645
97.35694,-2.163071,69.38539
60.78475,-31.03982,62.15073
70.74291,-22.15998,64.23726
74.0169,14.51656,72.92104
66.91939,-12.24789,77.48227
76.09503,4.343313,77.34316
81.78097,-8.727156,69.85361
80.09553,-4.232298,70.68102
73.32889,1.538375,84.16232
62.58947,4.468431,57.46576
67.35439,-16.61995,63.88039
86.32658,-14.45837,92.76103
71.04987,-2.683244,86.41515
83.78762,26.49733,63.23813
74.85747,-5.059505,72.81642
77.72216,6.093524,52.98323
68.97789,-4.123292,66.03696
59.17707,-14.73758,63.82113
50.49705,-17.90728,84.74937
80.156,6.28412,66.82718
73.31786,-9.305126,66.8739
59.61196,-4.425068,90.11309
68.88152,-9.893832,43.88975
88.66383,-7.909438,81.08251
54.22847,-16.32238,62.29297
71.32836,2.896152,58.55329
77.83042,-5.410922,56.00959
72.29527,-1.643808,76.57934
60.87722,-22.1124,82.2019
90.33483,-5.948239,73.04178
74.31378,-20.85082,69.56355
73.68492,-4.392175,52.04093
67.73081,-18.78214,73.3532
70.87401,-13.91332,63.90973
58.89813,-1.263629,50.83435
61.02102,-13.00759,72.19453
63.88495,4.276434,74.73565
60.26458,0.7716272,68.85865
70.30639,-11.66815,80.10725
73.19178,-4.823114,73.59379
58.26951,-13.58154,64.91755
73.826,-5.296699,69.18629
76.70216,-7.703344,56.67511
69.07478,2.692738,63.84701
55.76127,-27.63965,73.52853
84.63778,0.841825,77.77298
74.96148,11.91875,66.58747
57.6636,-23.91239,74.68619
64.04885,-6.910765,82.44135
71.5033,-0.02369585,52.30627
82.15275,-21.6081,69.2922
63.34114,-25.3215,64.40332
73.77465,-8.064701,87.83745
72.78902,-25.23712,73.06476
60.628,-17.69653,58.63267
70.46724,-13.25096,74.55995
71.33598,-35.30176,74.27044
78.18223,-4.003611,50.25447
65.29634,-14.71507,62.09312
79.06381,-17.52429,87.61305
59.79717,-15.80204,79.40338
77.98643,0.14855,77.56643
79.18679,-22.84098,87.67891
61.1682,-17.87923,67.52089
73.55363,3.718564,79.92055
71.21541,-7.743013,71.32548
72.69725,-10.52523,57.68811
66.1658,8.654269,85.23694
66.57901,-7.96869,64.65368
77.53841,-7.255456,61.31142
68.90079,-1.174505,59.06764
75.15744,-4.303189,87.76017
60.93241,-19.6263,68.24614
70.77527,-15.19386,64.45452
61.57277,-19.84966,65.53308
74.40188,-12.65376,63.89614
76.09887,-8.812416,80.11442
63.0071,4.700768,53.4408
55.08188,-13.81331,71.92873
62.74949,-7.885534,61.59669
69.52172,-11.22383,66.93093
72.21619,1.537016,50.34516
86.36201,-19.03397,72.01345
57.06537,-8.751387,83.8145
65.3979,-1.594234,78.27926
62.21588,-17.88168,63.37316
66.55029,-26.34649,67.56707
63.71606,-2.147129,78.30576
61.24889,11.37515,64.15815
67.01504,-13.9139,58.67935
76.54024,7.571401,84.99193
51.77094,-18.34046,66.11341
85.88293,3.30276,74.52394
61.10013,-12.41815,70.64279
59.85202,-5.652476,89.6064
75.82624,-20.09061,76.0323
61.68382,-13.30922,75.88329
57.11461,-14.71895,91.41507
77.37225,-1.998448,75.96584
56.9189,-5.607814,56.82018
68.24066,-16.7783,65.26213
70.99341,-20.21861,72.5354
55.90017,-24.42781,42.97974
65.72708,-12.62672,58.11489
86.9104,-2.218481,73.26022
60.30796,-21.13974,77.94697
58.89599,-13.65608,71.2361
64.42315,2.896175,80.56624
68.26449,-1.292433,88.41406
60.80457,-16.41014,72.93951
74.24806,-23.90477,71.42486
68.40987,-1.351733,85.37737
75.19914,-17.88874,60.69893
53.99338,-16.79015,84.41388
64.66423,-11.21753,78.85013
78.41882,-8.131473,72.23627
90.1256,-24.57763,79.51451
78.52343,-23.97729,70.81757
69.83008,-6.202702,79.3355
76.66716,-10.95484,83.92007
73.33869,-14.50632,64.99888
54.61538,0.822026,70.30046
75.07177,2.72507,72.4469
72.55125,16.4744,65.32914
75.25325,4.462009,69.68672
63.05424,-12.70489,82.80947
74.84572,-6.913638,66.12637
81.29542,-18.13609,74.31614
86.43307,1.7146,62.74274
58.70364,-4.059786,66.71625
50.14929,-14.31598,52.76581
63.98909,-11.18955,64.23697
65.58124,-11.16373,82.93062
78.43384,1.611536,36.50027
81.6864,-7.565635,103.9198
71.32661,-24.2114,78.92066
56.50423,-0.6708519,71.31289
66.49155,-11.93227,70.89019
77.01996,-7.084207,87.70451
83.91402,-1.37213,58.66569
69.80927,-12.62827,65.94133
59.75429,1.039816,53.61497
97.82028,-16.56395,80.81969
91.93916,-1.150087,67.59589
67.92403,-17.03266,70.45368
61.81742,9.498615,52.61427
71.14845,-8.638981,67.05727
66.59299,-32.46637,80.33527
68.46967,-30.53499,65.81659
75.83458,-3.566499,58.66797
79.48316,-30.80059,63.55366
63.92749,-11.3843,72.77927
67.65975,-9.337537,70.05731
67.92516,4.484799,63.67471
65.09831,-11.52629,61.41443
70.69653,-15.15048,59.91931
77.50496,-9.722227,54.54313
88.75939,-10.3208,70.58784
66.10896,-26.77577,53.50132
48.80508,-22.4844,72.78958
77.87479,-5.751227,76.30181
74.65789,-8.919705,51.48873
82.11505,-1.623908,82.67635
73.36298,-14.60543,64.73662
71.40567,-4.340033,89.92531
58.62062,-10.19077,82.33732
65.29806,2.156136,67.7835
72.86081,-11.82809,82.0141
71.3769,-9.252214,65.64449
84.13732,8.626088,58.89835
70.62952,-29.13831,50.28286
74.71705,-17.16086,68.29051
69.74262,-8.386807,85.31325
72.60228,-4.416259,93.10153
62.13006,-22.79853,64.6744
60.11729,11.88867,72.97454
76.74555,-17.36389,74.51596
67.41577,-9.266467,68.41306
73.11009,-23.10049,75.30674
79.32548,-15.70281,53.84029
104.3766,4.351511,67.35263
66.86716,-19.87777,67.39329
89.33103,-12.80378,56.93941
35.74094,-24.00127,69.12279
76.09913,-18.21636,57.22761
69.3201,-5.764337,76.05929
64.45351,-9.646416,59.81583
81.06175,-21.19148,64.30557
58.83277,-3.300213,59.1149
59.77071,-6.573427,91.61397
69.73292,-22.09676,78.31008
66.791,-10.47102,68.59947
49.65516,-1.869738,68.01685
70.70066,-15.89514,82.84614
72.20053,-12.37627,49.51263
65.95326,-16.93183,69.8973
74.20015,-14.89715,84.17337
72.81212,-3.046355,78.89444
57.88044,-4.081336,70.69758
48.90072,-21.98084,61.77013
61.67483,4.149319,78.0163
72.80554,-5.543254,73.54946
82.24438,-8.71373,55.73493
68.85194,-0.9684211,65.89819
70.258,-5.573562,57.39889
51.29503,3.890627,63.04364
71.87862,1.95838,90.12375
74.26682,0.2268598,64.38116
73.88967,-4.138421,63.44825
72.43866,-8.70207,72.94678
68.84693,-4.473853,52.57834
67.4579,-11.51909,63.63273
63.23736,-4.332619,71.99254
67.04572,-8.749687,72.39277
61.14106,-20.12918,79.11701
59.06593,-36.59645,51.93237
63.0932,-9.511965,70.43403
64.19505,-4.122554,73.80844
69.14382,-6.864115,81.84084
68.2186,-13.96171,60.51824
80.78812,-21.61113,76.27817
62.15595,-5.59855,72.43248
76.2021,-0.3535414,68.76535
67.71612,-21.95391,60.72785
66.87748,-13.76373,68.29949
81.16841,-12.7322,71.62149
77.52612,-16.85477,70.59952
73.13333,-14.03496,80.10539
62.92608,-13.9975,70.75399
51.79126,6.185827,61.23998
69.15686,-9.004087,68.3528
62.27294,-7.576707,61.51666
62.86968,-8.90002,71.43109
59.75554,-18.64859,62.02735
55.93825,-5.324996,61.78095
63.37816,8.626922,98.66974
89.06512,-18.00787,73.01436
59.49207,-21.839,82.94384
63.0717,4.1653,80.52203
74.18266,-14.39385,53.52886
72.99597,-21.99502,70.67194
74.54878,0.68999,56.81425
72.79072,-13.42379,72.37652
68.58779,0.4890194,49.83153
83.4991,-3.712483,70.16466
85.60566,-2.347389,72.25542
49.33336,-16.45131,69.0665
80.25808,-17.90534,57.83613
73.99424,-3.416731,75.97397
71.49039,-32.68723,68.33255
75.56422,-35.10705,60.67356
50.77177,-5.560257,61.20472
63.31959,3.695687,65.426
62.63376,-20.60124,77.37339
72.48474,-9.643281,65.88091
55.5865,-23.30693,68.68376
51.66027,-29.96612,83.17385
53.65475,-5.412206,69.57142
89.75272,-8.296798,87.76274
60.46186,2.98287,64.25253
80.376,-11.60401,58.7633
61.82472,-13.03964,87.6779
73.42504,-12.02837,84.77952
72.77863,1.591326,44.48759
67.30395,-22.65711,71.15801
71.1454,-6.820285,81.11289
91.37652,-10.32453,69.6739
70.45771,-2.015341,77.81984
65.35571,-2.156085,74.59189
86.14405,-6.644713,87.18534
40.98589,-20.96894,80.60636
85.28412,-16.27302,84.97687
84.69904,-11.24636,79.38887
78.1619,-22.53974,73.09005
63.30449,-7.136283,83.21137
50.9626,-0.5868152,54.64416
78.5982,-24.0221,73.64229
71.42413,-15.80383,68.84037
73.3584,1.431008,75.82528
63.5102,-10.89118,77.2142
64.3641,-38.68109,62.69973
79.91314,-16.89974,65.87854
70.61451,-13.64807,65.8312
77.37191,-29.6917,69.75814
62.43318,4.515735,68.61625
66.53034,-23.73638,64.98134
53.39924,-8.951078,64.85876
82.79707,-3.406174,66.79546
65.8034,-11.19213,43.56437
87.72446,-1.788042,68.28453
68.37877,-11.21265,53.97722
76.46407,1.250499,72.37554
67.35838,-1.977294,45.12958
89.75777,-20.19515,79.23594
71.4421,-6.040679,67.89267
74.56606,-8.156192,77.45593
68.46404,-7.432018,67.28255
78.44227,-13.59282,77.23093
73.10613,5.701017,77.14531
62.34706,-22.54894,60.35104
51.82533,-14.28696,65.31193
70.39661,-5.694306,77.93611
76.49829,-4.378538,79.88167
61.48431,-16.31903,64.06412
61.80352,1.297201,55.65335
76.0211,-7.230398,60.33708
60.64451,7.604861,69.20068
71.70814,-12.86116,62.69723
76.83708,-18.12474,66.39989
78.40622,-18.09712,60.86256
68.72024,-23.95237,74.03131
50.06301,-20.20353,82.44264
87.69692,-11.42972,71.05727
86.99997,4.574135,80.91493
68.19161,-20.04976,74.19766
68.08471,-28.09651,73.76104
64.0625,-10.7499,69.15085
74.93968,-13.94003,73.74459
74.13194,-7.691431,93.63296
67.39908,-22.57539,72.05005
73.78174,0.6641589,79.09497
55.11437,-11.70788,52.66147
82.80132,-13.10405,91.25622
61.3069,7.839162,69.69169
66.26919,-2.282228,47.71091
59.19792,-11.32849,55.00807
62.44526,-30.15219,67.68167
49.19779,-11.71951,65.44644
72.94774,-8.344704,84.56817
59.87773,-5.742763,97.56903
73.47509,-4.283149,53.24852
85.36645,-16.46919,67.16991
69.38539,-1.906945,62.42045
62.15073,-5.052795,59.63564
64.23726,-13.3351,78.52355
72.92104,0.791644,68.07284
77.48227,-23.13051,64.40905
77.34316,3.181548,83.58873
69.85361,-9.066127,83.71054
70.68102,-3.58606,76.59972
84.16232,-24.39767,65.59871
57.46576,4.544234,64.16531
63.88039,1.74088,72.31848
92.76103,1.320703,72.89074
86.41515,-12.48442,71.85983
63.23813,0.6457113,74.98594
72.81642,-17.78091,68.01299
52.98323,1.240638,71.72321
66.03696,-15.12986,85.0203
63.82113,-8.541133,66.09438
84.74937,-21.77988,85.76525
66.82718,-18.49357,75.29033
66.8739,-7.117552,69.05731
90.11309,-13.73802,84.21595
43.88975,-13.82,69.43209
81.08251,-12.44169,69.3489
62.29297,-16.46992,67.496
58.55329,-23.56855,54.37956
56.00959,8.877159,55.37194
76.57934,-6.173397,65.99169
82.2019,-6.965297,82.59654
73.04178,-14.76294,80.10463
69.56355,-12.55183,62.44377
52.04093,-14.04998,87.34288
73.3532,-7.789966,63.13534
63.90973,-12.61178,80.38442
50.83435,-1.439128,53.62364
72.19453,-16.44232,70.99268
74.73565,-25.90802,92.67575
68.85865,-10.91415,65.15415
80.10725,-4.844485,79.33412
73.59379,-2.30054,69.03038
64.91755,-17.79653,85.09824
69.18629,-1.345729,75.07559
56.67511,-19.89974,74.90408
63.84701,7.070253,51.66653
73.52853,-4.305105,77.56271
77.77298,-20.97871,83.9768
66.58747,-16.51202,52.63898
74.68619,-13.78516,64.80269
82.44135,-3.198811,60.91487
52.30627,-19.96528,76.31144
69.2922,-8.165172,72.70005
64.40332,11.5388,54.85474
87.83745,-5.797536,60.46303
73.06476,2.346044,73.09839
58.63267,1.1054,58.33049
74.55995,-14.94582,78.08799
74.27044,-21.81354,61.18767
50.25447,-9.793256,76.27331
62.09312,-22.10528,67.0222
87.61305,0.8871884,83.54788
79.40338,3.454682,54.19945
77.56643,17.25978,67.80528
87.67891,-5.012097,87.90198
67.52089,0.5997717,62.05761
79.92055,-2.785855,67.43387
71.32548,-6.040786,51.20422
57.68811,-26.8179,83.53147
85.23694,-7.594193,63.07033
64.65368,-8.68329,62.59971
61.31142,11.2666,68.3894
59.06764,7.588652,75.60424
87.76017,-11.61341,51.39455
68.24614,-26.37716,54.05743
64.45452,-2.222824,54.21433
65.53308,-29.09276,66.1136
63.89614,-19.10272,72.98232
80.11442,13.05422,63.47237
53.4408,-4.50005,67.75566
71.92873,-16.93747,59.91527
61.59669,-10.75492,59.59558
66.93093,-13.78257,74.9352
50.34516,-9.613154,59.33881
72.01345,-13.67514,79.36212
83.8145,-24.73408,82.11814
78.27926,-0.2117256,83.82712
63.37316,-5.140422,74.61884
67.56707,1.263094,61.73203
78.30576,-2.315313,68.48677
64.15815,-9.960403,69.30094
58.67935,-5.187703,56.70621
84.99193,-25.74853,71.53534
66.11341,-4.922376,76.21033
74.52394,-1.039614,63.84636
70.64279,-8.465358,66.25222
89.6064,0.470834,81.44768
76.0323,-3.837667,62.67937
75.88329,-11.40071,54.33532
91.41507,-18.58123,75.66274
75.96584,-5.74556,80.03555
56.82018,-18.1518,60.50964
65.26213,-1.156317,69.59802
72.5354,-20.20325,63.66285
42.97974,-8.860008,56.05253
58.11489,-18.28166,64.07648
73.26022,-11.98803,64.70491
77.94697,-12.41635,80.56889
71.2361,-8.819086,86.61128
80.56624,7.036737,76.73148
88.41406,-13.11624,68.25068
72.93951,-8.774334,83.53589
71.42486,-6.568674,84.63376
85.37737,-2.574961,59.70858
60.69893,4.760236,66.62059
84.41388,-6.605288,79.4429
78.85013,-11.48461,59.14149
72.23627,-3.34833,62.93142
79.51451,-7.224457,76.28171
70.81757,-20.52531,81.7813
79.3355,-17.01338,49.64519
83.92007,-18.97531,58.37999
64.99888,-4.225446,74.68241
70.30046,4.675978,88.04622
72.4469,-14.50134,41.72015
65.32914,-20.57936,61.91275
69.68672,-8.770884,74.79148
82.80947,-2.210701,61.99087
66.12637,-24.65817,82.01159
74.31614,0.4964872,78.71038
62.74274,-19.14187,85.51906
66.71625,-1.28301,76.5364
52.76581,2.249599,48.34201
64.23697,2.673515,69.69287
82.93062,-20.18061,79.86285
36.50027,-21.49223,69.80298
103.9198,-25.94061,83.65175
78.92066,-12.20063,85.6528
71.31289,4.678265,82.77088
70.89019,15.4043,64.46532
87.70451,-15.3165,90.72282
58.66569,-4.894761,64.87976
65.94133,-0.4717233,2.072345
53.61497,-20.94196,2.072345
80.81969,-30.37179,2.072345
67.59589,-2.237453,2.072345
70.45368,-14.35,2.072345
52.61427,-5.968235,2.072345
67.05727,-18.36929,2.072345
80.33527,10.0038,2.072345
65.81659,-7.695396,2.072345
58.66797,-6.653395,2.072345
63.55366,-33.60001,2.072345
72.77927,-2.60152,2.072345
70.05731,-6.740457,2.072345
63.67471,-19.57441,2.072345
61.41443,-12.56155,2.072345
59.91931,-11.40836,2.072345
54.54313,-9.975537,2.072345
70.58784,-9.452148,2.072345
53.50132,-11.88279,2.072345
72.78958,-28.22006,2.072345
76.30181,-6.231672,2.072345
51.48873,-31.35942,2.072345
82.67635,-19.14385,2.072345
64.73662,-20.46305,2.072345
89.92531,-10.70861,2.072345
82.33732,-6.081996,2.072345
67.7835,-13.78307,2.072345
82.0141,8.581901,2.072345
65.64449,-3.324757,2.072345
58.89835,-22.79558,2.072345
50.28286,4.203121,2.072345
68.29051,-13.59784,2.072345
85.31325,-9.977645,2.072345
93.10153,-14.48068,2.072345
64.6744,-1.08624,2.072345
72.97454,0.8260532,2.072345
74.51596,-9.207847,2.072345
68.41306,-2.750809,2.072345
75.30674,-4.204458,2.072345
53.84029,-12.40979,2.072345
67.35263,-0.3542486,2.072345
67.39329,-32.9488,2.072345
56.93941,-4.871946,2.072345
69.12279,5.317039,2.072345
57.22761,-5.167954,2.072345
76.05929,-5.569526,2.072345
59.81583,-4.150285,2.072345
64.30557,-27.2714,2.072345
59.1149,-16.25977,2.072345
91.61397,-12.11007,2.072345
78.31008,-16.3773,2.072345
68.59947,0.7928145,2.072345
68.01685,1.108887,2.072345
82.84614,-12.49169,2.072345
49.51263,-0.5111645,2.072345
69.8973,-34.17,2.072345
84.17337,-4.631359,2.072345
78.89444,-24.29788,2.072345
70.69758,9.444025,2.072345
61.77013,-19.68894,2.072345
78.0163,4.23549,2.072345
73.54946,-16.09942,2.072345
55.73493,-12.74454,2.072345
65.89819,13.69386,2.072345
57.39889,-13.82744,2.072345
63.04364,-27.31653,2.072345
90.12375,-18.2544,2.072345
64.38116,-23.61167,2.072345
63.44825,-5.62352,2.072345
72.94678,-17.25217,2.072345
52.57834,-13.12009,2.072345
63.63273,5.738944,2.072345
71.99254,-10.99059,2.072345
72.39277,-4.811533,2.072345
79.11701,-4.512673,2.072345
51.93237,-17.86623,2.072345
70.43403,-21.59988,2.072345
73.80844,-2.224638,2.072345
81.84084,-19.73066,2.072345
60.51824,-7.986829,2.072345
76.27817,-26.23452,2.072345
72.43248,-18.91511,2.072345
68.76535,1.418947,2.072345
60.72785,2.763541,2.072345
68.29949,-11.58326,2.072345
71.62149,-26.87554,2.072345
70.59952,-5.845408,2.072345
80.10539,-10.8262,2.072345
70.75399,10.09409,2.072345
61.23998,-21.44423,2.072345
68.3528,8.337489,2.072345
61.51666,-12.43442,2.072345
71.43109,-0.006148352,2.072345
62.02735,-24.19875,2.072345
61.78095,1.968633,2.072345
98.66974,-2.164127,2.072345
73.01436,-1.722455,2.072345
82.94384,-0.9408177,2.072345
80.52203,-13.20871,2.072345
53.52886,-3.686721,2.072345
70.67194,-0.7722773,2.072345
56.81425,-13.70458,2.072345
72.37652,-26.52538,2.072345
49.83153,-8.861414,2.072345
70.16466,-18.97082,2.072345
72.25542,17.13289,2.072345
69.0665,2.742776,2.072345
57.83613,-1.477452,2.072345
75.97397,-22.84942,2.072345
68.33255,0.6976613,2.072345
60.67356,-8.95394,2.072345
61.20472,-14.9268,2.072345
65.426,-8.987577,2.072345
77.37339,-3.91479,2.072345
65.88091,-24.6382,2.072345
68.68376,-26.48481,2.072345
83.17385,-11.66942,2.072345
69.57142,-1.19085,2.072345
87.76274,-12.09585,2.072345
64.25253,-4.659249,2.072345
58.7633,-9.553751,2.072345
87.6779,-14.57468,2.072345
84.77952,-28.19338,2.072345
44.48759,-28.91912,2.072345
71.15801,-4.96975,2.072345
81.11289,1.820294,2.072345
69.6739,-13.50128,2.072345
77.81984,-29.2818,2.072345
74.59189,-6.969018,2.072345
87.18534,-7.561814,2.072345
80.60636,4.67578,2.072345
84.97687,-20.77276,2.072345
79.38887,18.96587,2.072345
73.09005,-9.938504,2.072345
83.21137,-35.36076,2.072345
54.64416,-10.79429,2.072345
73.64229,-16.80874,2.072345
68.84037,-3.089466,2.072345
75.82528,-25.17796,2.072345
77.2142,-21.17232,2.072345
62.69973,-11.28403,2.072345
65.87854,-18.35437,2.072345
65.8312,-12.80048,2.072345
69.75814,-6.189078,2.072345
68.61625,-15.98461,2.072345
64.98134,-16.78327,2.072345
64.85876,-9.286581,2.072345
66.79546,-17.6295,2.072345
43.56437,-14.07815,2.072345
68.28453,-0.05283603,2.072345
53.97722,-18.11732,2.072345
72.37554,-14.15102,2.072345
45.12958,6.069386,2.072345
79.23594,-7.783267,2.072345
67.89267,-20.79489,2.072345
77.45593,-6.610437,2.072345
67.28255,-3.456408,2.072345
77.23093,-4.179791,2.072345
77.14531,-16.25022,2.072345
60.35104,-16.18723,2.072345
65.31193,-16.61032,2.072345
77.93611,-32.70189,2.072345
79.88167,-9.25513,2.072345
64.06412,-5.053665,2.072345
55.65335,-2.352454,2.072345
60.33708,-0.5121532,2.072345
69.20068,-13.57959,2.072345
62.69723,-10.16704,2.072345
66.39989,-5.404058,2.072345
60.86256,-17.94243,2.072345
74.03131,-25.69833,2.072345
82.44264,-17.38876,2.072345
71.05727,-20.94383,2.072345
80.91493,-5.505733,2.072345
74.19766,-3.398674,2.072345
73.76104,-9.804844,2.072345
69.15085,-27.33672,2.072345
73.74459,-22.24747,2.072345
93.63296,-10.36324,2.072345
72.05005,-1.98867,2.072345
79.09497,-17.7693,2.072345
52.66147,-12.10119,2.072345
91.25622,-26.76765,2.072345
69.69169,-7.789096,2.072345
47.71091,-6.095375,2.072345
55.00807,11.56722,2.072345
67.68167,-9.785644,2.072345
65.44644,-12.13077,2.072345
84.56817,-6.077383,2.072345
97.56903,-14.44639,2.072345
53.24852,-11.41788,2.072345
67.16991,-4.073038,2.072345
62.42045,-16.2767,2.072345
59.63564,-37.79037,2.072345
78.52355,-6.868666,2.072345
68.07284,-9.450905,2.072345
64.40905,-17.32569,2.072345
83.58873,-10.16413,2.072345
83.71054,-7.567408,2.072345
76.59972,-8.598391,2.072345
65.59871,-5.515496,2.072345
64.16531,-8.239429,2.072345
72.31848,-28.37739,2.072345
72.89074,-13.08401,2.072345
71.85983,-7.281507,2.072345
74.98594,4.9548,2.072345
68.01299,-12.93427,2.072345
71.72321,-7.872746,2.072345
85.0203,-22.10981,2.072345
66.09438,0.7196266,2.072345
85.76525,-15.94158,2.072345
75.29033,-20.52493,2.072345
69.05731,-16.42671,2.072345
84.21595,-13.29946,2.072345
69.43209,-7.778993,2.072345
69.3489,-16.70996,2.072345
67.496,0.7695373,2.072345
54.37956,-2.373576,2.072345
55.37194,-8.759966,2.072345
65.99169,-4.956535,2.072345
82.59654,-29.84639,2.072345
80.10463,-11.9095,2.072345
62.44377,-16.1361,2.072345
87.34288,-11.94191,2.072345
63.13534,-32.47361,2.072345
80.38442,-12.19301,2.072345
53.62364,-20.69438,2.072345
70.99268,-3.287801,2.072345
92.67575,-16.18462,2.072345
65.15415,-7.422444,2.072345
79.33412,-22.18659,2.072345
69.03038,-13.70663,2.072345
85.09824,-11.31437,2.072345
75.07559,-1.20056,2.072345
74.90408,-31.59422,2.072345
51.66653,5.64022,2.072345
77.56271,-12.51884,2.072345
83.9768,-15.20381,2.072345
52.63898,0.2466355,2.072345
64.80269,-19.89357,2.072345
60.91487,-5.64697,2.072345
76.31144,-13.2713,2.072345
72.70005,-17.95129,2.072345
54.85474,-4.231365,2.072345
60.46303,-11.15464,2.072345
73.09839,-14.09135,2.072345
58.33049,-24.54733,2.072345
78.08799,4.297182,2.072345
61.18767,-32.67201,2.072345
76.27331,-27.69607,2.072345
67.0222,-35.01962,2.072345
83.54788,1.910021,2.072345
54.19945,-13.45955,2.072345
67.80528,4.444605,2.072345
87.90198,14.85406,2.072345
62.05761,-0.1845935,2.072345
67.43387,-4.600472,2.072345
51.20422,-7.37377,2.072345
83.53147,-4.596114,2.072345
63.07033,-10.09449,2.072345
62.59971,-7.99627,2.072345
68.3894,-1.819404,2.072345
75.60424,-8.007767,2.072345
51.39455,-7.560444,2.072345
54.05743,-30.14147,2.072345
54.21433,0.976269,2.072345
66.1136,-2.307693,2.072345
72.98232,-21.41706,2.072345
63.47237,0.4243742,2.072345
67.75566,-3.700921,2.072345
59.91527,-4.502811,2.072345
59.59558,19.35797,2.072345
74.9352,2.191131,2.072345
59.33881,-18.74531,2.072345
79.36212,5.214438,2.072345
82.11814,-13.61926,2.072345
83.82712,-38.7955,2.072345
74.61884,-11.33446,2.072345
61.73203,-5.572901,2.072345
68.48677,-23.12137,2.072345
69.30094,-27.30873,2.072345
56.70621,-17.45695,2.072345
71.53534,0.8623792,2.072345
76.21033,7.055012,2.072345
63.84636,-17.7283,2.072345
66.25222,-3.913034,2.072345
81.44768,-24.24757,2.072345
62.67937,-20.08821,2.072345
54.33532,1.649464,2.072345
75.66274,-15.75875,2.072345
80.03555,-14.61174,2.072345
60.50964,-18.80588,2.072345
69.59802,-15.57155,2.072345
63.66285,-30.48215,2.072345
56.05253,-7.357508,2.072345
64.07648,-4.398561,2.072345
64.70491,-10.37657,2.072345
80.56889,14.50799,2.072345
86.61128,-7.867749,2.072345
76.73148,-16.83939,2.072345
68.25068,-7.142002,2.072345
83.53589,-22.03176,2.072345
84.63376,-10.65431,2.072345
59.70858,-7.02261,2.072345
66.62059,0.2782472,2.072345
79.4429,-20.8802,2.072345
59.14149,-3.268589,2.072345
62.93142,-9.67255,2.072345
76.28171,6.197267,2.072345
81.7813,-17.89441,2.072345
49.64519,-20.29111,2.072345
58.37999,-12.982,2.072345
74.68241,-22.74285,2.072345
88.04622,2.73894,2.072345
41.72015,-7.237918,2.072345
61.91275,-12.98729,2.072345
74.79148,-17.63764,2.072345
61.99087,-15.7656,2.072345
82.01159,-18.70377,2.072345
78.71038,-15.10186,2.072345
85.51906,-22.09427,2.072345
76.5364,-11.39254,2.072345
48.34201,-9.15055,2.072345
69.69287,-7.067629,2.072345
79.86285,-16.01771,2.072345
69.80298,4.93805,2.072345
83.65175,-18.73922,2.072345
85.6528,-6.461061,2.072345
82.77088,-2.373299,2.072345
64.46532,-10.50136,2.072345
90.72282,-12.25584,2.072345
64.87976,-24.87731,2.072345
